config_id,parity_name,train_avg_U,train_min_U,train_max_U,train_FS_pass,train_edge,test_avg_U,test_min_U,test_max_U,test_FS_pass,test_edge,test_winner_fail_sum,test_winner_fail_parity,test_winner_fail_uniques,test_winner_fail_consecutive,test_winner_fail_mirror_prev,test_draws,train_draws
"{""allowed_even_counts"":[1,2,3,4,5],""max_consecutive_run"":3,""max_positional_repeats_vs_prev"":3,""min_unique_digits"":3,""sum_max"":37,""sum_min"":8}",relaxed,94184.67370617272,94182,94228,0.9424456770647804,0.0005989400030532721,94184.62304091187,94182,94228,0.9426012619580705,0.0007550315489517345,79,144,60,18,2,4913,19651
"{""allowed_even_counts"":[1,2,3,4,5],""max_consecutive_run"":3,""max_positional_repeats_vs_prev"":2,""min_unique_digits"":3,""sum_max"":37,""sum_min"":8}",relaxed,93421.65757467813,93372,93716,0.9357793496514172,0.0015627739046358835,93420.98758396092,93372,93662,0.9348666802361083,0.0006568043964991777,79,144,60,18,42,4913,19651
"{""allowed_even_counts"":[1,2,3,4,5],""max_consecutive_run"":3,""max_positional_repeats_vs_prev"":4,""min_unique_digits"":3,""sum_max"":37,""sum_min"":8}",relaxed,94227.05704544298,94227,94228,0.9429036690244771,0.0006330985700472302,94227.0569916548,94227,94228,0.9428048035823325,0.0005342336657845337,79,144,60,18,1,4913,19651
"{""allowed_even_counts"":[0,1,2,3,4,5],""max_consecutive_run"":3,""max_positional_repeats_vs_prev"":3,""min_unique_digits"":3,""sum_max"":37,""sum_min"":8}",allow_all,96983.3704137194,96982,97028,0.9710956185435856,0.0012619144063915622,96983.36495013231,96982,97028,0.9702829228577244,0.00044927335640132515,79,0,60,18,2,4913,19651
"{""allowed_even_counts"":[0,1,2,3,4,5],""max_consecutive_run"":3,""max_positional_repeats_vs_prev"":2,""min_unique_digits"":3,""sum_max"":37,""sum_min"":8}",allow_all,96197.46918731871,96172,96416,0.9640730751615694,0.0020983832883822995,96197.42601261959,96172,96386,0.9623447995115001,0.0003705393853041805,79,0,60,18,42,4913,19651
"{""allowed_even_counts"":[0,1,2,3,4,5],""max_consecutive_run"":3,""max_positional_repeats_vs_prev"":4,""min_unique_digits"":3,""sum_max"":37,""sum_min"":8}",allow_all,97027.0283446135,97027,97028,0.9716044984988041,0.0013342150526691743,97027.0293099939,97027,97028,0.9704864644819866,0.0002161713820475475,79,0,60,18,1,4913,19651
"{""allowed_even_counts"":[1,2,3,4,5],""max_consecutive_run"":3,""max_positional_repeats_vs_prev"":3,""min_unique_digits"":2,""sum_max"":37,""sum_min"":8}",relaxed,95054.26935016029,95052,95089,0.9506895323393212,0.0001468388377182661,95054.21229391411,95052,95081,0.9507429269285569,0.0002008039894157987,79,144,1,18,2,4913,19651
"{""allowed_even_counts"":[1,2,3,4,5],""max_consecutive_run"":3,""max_positional_repeats_vs_prev"":2,""min_unique_digits"":2,""sum_max"":37,""sum_min"":8}",relaxed,94284.22904686784,94242,94569,0.9439723169304362,0.0011300264617577493,94283.57561571342,94242,94515,0.9430083452065947,0.00017258904946049203,79,144,1,18,42,4913,19651
"{""allowed_even_counts"":[2,3],""max_consecutive_run"":3,""max_positional_repeats_vs_prev"":3,""min_unique_digits"":4,""sum_max"":37,""sum_min"":8}",balanced_only,53483.350262073174,53472,53508,0.536512136786932,0.001678634166200288,53483.4286586607,53472,53508,0.5349073885609608,7.31019743538397e-05,79,1848,958,18,2,4913,19651
"{""allowed_even_counts"":[1,2,3,4,5],""max_consecutive_run"":3,""max_positional_repeats_vs_prev"":4,""min_unique_digits"":2,""sum_max"":37,""sum_min"":8}",relaxed,95097.0488015877,95097,95098,0.9511475242990178,0.00017703628314080788,95097.04884998982,95097,95098,0.9509464685528191,-2.4019947079123583e-05,79,144,1,18,1,4913,19651
"{""allowed_even_counts"":[2,3],""max_consecutive_run"":3,""max_positional_repeats_vs_prev"":4,""min_unique_digits"":4,""sum_max"":37,""sum_min"":8}",balanced_only,53507.463131647244,53507,53508,0.536868352755585,0.0017937214391124945,53507.46509261144,53507,53508,0.5349073885609608,-0.0001672623651536309,79,1848,958,18,1,4913,19651
"{""allowed_even_counts"":[2,3],""max_consecutive_run"":3,""max_positional_repeats_vs_prev"":2,""min_unique_digits"":4,""sum_max"":37,""sum_min"":8}",balanced_only,53049.955473003916,52967,53508,0.5325428731362272,0.0020433184061879883,53050.16120496642,52967,53508,0.5298188479544067,-0.000682764095257471,79,1848,958,18,42,4913,19651
"{""allowed_even_counts"":[2,3],""max_consecutive_run"":3,""max_positional_repeats_vs_prev"":3,""min_unique_digits"":4,""sum_max"":33,""sum_min"":12}",balanced_only,50648.6648007735,50636,50672,0.5073024273573864,0.0008157793496513799,50648.778139629554,50636,50672,0.5058009362914716,-0.0006868451048239743,432,1848,958,18,2,4913,19651
"{""allowed_even_counts"":[0,1,2,3,4,5],""max_consecutive_run"":3,""max_positional_repeats_vs_prev"":2,""min_unique_digits"":3,""sum_max"":32,""sum_min"":13}",allow_all,86085.00442725561,85992,86588,0.8600071243193731,-0.0008429199531829745,86085.68512110726,85994,86540,0.8599633625076328,-0.0008934887034398598,605,0,60,18,42,4913,19651
"{""allowed_even_counts"":[2,3],""max_consecutive_run"":3,""max_positional_repeats_vs_prev"":4,""min_unique_digits"":4,""sum_max"":33,""sum_min"":12}",balanced_only,50671.49234135667,50671,50672,0.5076586433260394,0.0009437199124726625,50671.49419906371,50671,50672,0.5058009362914716,-0.0009140056991654433,432,1848,958,18,1,4913,19651
"{""allowed_even_counts"":[0,1,2,3,4,5],""max_consecutive_run"":3,""max_positional_repeats_vs_prev"":3,""min_unique_digits"":3,""sum_max"":32,""sum_min"":13}",allow_all,86788.10599969467,86782,86828,0.8661645717775177,-0.0017164882194290465,86788.16731121515,86782,86828,0.8668837777325463,-0.0009978953796051515,605,0,60,18,2,4913,19651
"{""allowed_even_counts"":[2,3],""max_consecutive_run"":3,""max_positional_repeats_vs_prev"":3,""min_unique_digits"":4,""sum_max"":35,""sum_min"":10}",balanced_only,52539.78469289095,52528,52564,0.5264363136736044,0.001038466744694988,52539.882352941175,52528,52564,0.5243232240993283,-0.001075599430083396,207,1848,958,18,2,4913,19651
"{""allowed_even_counts"":[2,3],""max_consecutive_run"":3,""max_positional_repeats_vs_prev"":3,""min_unique_digits"":2,""sum_max"":33,""sum_min"":12}",balanced_only,57225.67543636456,57216,57252,0.5724899496208844,0.00023319525723874968,57225.757785467125,57216,57252,0.5711377976796255,-0.0011197801750457703,432,1848,1,18,2,4913,19651
"{""allowed_even_counts"":[1,2,3,4,5],""max_consecutive_run"":3,""max_positional_repeats_vs_prev"":3,""min_unique_digits"":3,""sum_max"":35,""sum_min"":10}",relaxed,91971.69355249096,91968,92014,0.9186300951605516,-0.0010868403643580216,91971.66354569509,91968,92014,0.9185833502951354,-0.0011332851618155448,207,144,60,18,2,4913,19651
"{""allowed_even_counts"":[0,1,2,3,4,5],""max_consecutive_run"":3,""max_positional_repeats_vs_prev"":4,""min_unique_digits"":3,""sum_max"":32,""sum_min"":13}",allow_all,86827.13332654827,86827,86828,0.8666225637372144,-0.0016487695282683124,86827.13291268064,86827,86828,0.8670873193568085,-0.0011840097699978847,605,0,60,18,1,4913,19651
"{""allowed_even_counts"":[1,2,3,4,5],""max_consecutive_run"":3,""max_positional_repeats_vs_prev"":2,""min_unique_digits"":3,""sum_max"":35,""sum_min"":10}",relaxed,91226.6783369803,91159,91604,0.9122182077247977,-4.857564500537759e-05,91226.2340728679,91160,91514,0.9110523101974354,-0.0012100305312435777,207,144,60,18,42,4913,19651
"{""allowed_even_counts"":[0,1,2,3,4,5],""max_consecutive_run"":3,""max_positional_repeats_vs_prev"":3,""min_unique_digits"":3,""sum_max"":33,""sum_min"":12}",allow_all,90170.53086356928,90166,90212,0.8999542008040303,-0.0017511078316624351,90170.57093425606,90166,90212,0.900468145735803,-0.0012375636067575302,432,0,60,18,2,4913,19651
"{""allowed_even_counts"":[0,1,2,3,4,5],""max_consecutive_run"":3,""max_positional_repeats_vs_prev"":2,""min_unique_digits"":3,""sum_max"":33,""sum_min"":12}",allow_all,89439.98346140145,89367,89900,0.8935932013637983,-0.0008066332502162377,89440.48972114797,89367,89846,0.8931406472623652,-0.0012642499491144488,432,0,60,18,42,4913,19651
"{""allowed_even_counts"":[0,1,2,3,4,5],""max_consecutive_run"":3,""max_positional_repeats_vs_prev"":2,""min_unique_digits"":2,""sum_max"":37,""sum_min"":8}",allow_all,97317.80927179278,97302,97512,0.9749631062032467,0.0017850134853188981,97317.88703439853,97302,97482,0.9719112558518217,-0.0012676144921636157,79,0,1,18,42,4913,19651
"{""allowed_even_counts"":[0,1,2,3,4,5],""max_consecutive_run"":3,""max_positional_repeats_vs_prev"":3,""min_unique_digits"":2,""sum_max"":37,""sum_min"":8}",allow_all,98112.84133122997,98112,98144,0.9820365375807847,0.0009081242684849666,98112.84490128231,98112,98140,0.979849379198046,-0.0012790698147771007,79,0,1,18,2,4913,19651
"{""allowed_even_counts"":[2,3],""max_consecutive_run"":3,""max_positional_repeats_vs_prev"":4,""min_unique_digits"":4,""sum_max"":35,""sum_min"":10}",balanced_only,52563.47320747036,52563,52564,0.5267925296422574,0.0011577975675538532,52563.4756767759,52563,52564,0.5243232240993283,-0.0013115326684307593,207,1848,958,18,1,4913,19651
"{""allowed_even_counts"":[0,1,2,3,4,5],""max_consecutive_run"":3,""max_positional_repeats_vs_prev"":3,""min_unique_digits"":3,""sum_max"":31,""sum_min"":14}",allow_all,82466.10946007837,82458,82504,0.8246399674316829,-2.1127169100854104e-05,82466.18909016893,82458,82504,0.8233258701404437,-0.0013360207612456154,822,0,60,18,2,4913,19651
"{""allowed_even_counts"":[1,2,3,4,5],""max_consecutive_run"":3,""max_positional_repeats_vs_prev"":4,""min_unique_digits"":3,""sum_max"":35,""sum_min"":10}",relaxed,92013.08086102488,92013,92014,0.9190880871202484,-0.0010427214900003978,92013.08100956645,92013,92014,0.9187868919193976,-0.0013439181762668895,207,144,60,18,1,4913,19651
"{""allowed_even_counts"":[0,1,2,3,4,5],""max_consecutive_run"":3,""max_positional_repeats_vs_prev"":3,""min_unique_digits"":3,""sum_max"":35,""sum_min"":10}",allow_all,94720.4148389395,94718,94764,0.9469238206707038,-0.00028032771869113127,94720.42641970282,94718,94764,0.945857927946265,-0.0013463362507631915,207,0,60,18,2,4913,19651
"{""allowed_even_counts"":[2,3],""max_consecutive_run"":3,""max_positional_repeats_vs_prev"":4,""min_unique_digits"":2,""sum_max"":33,""sum_min"":12}",balanced_only,57251.42715383441,57251,57252,0.5728461655895374,0.0003318940511932711,57251.42886220232,57251,57252,0.5711377976796255,-0.001376490942397779,432,1848,1,18,1,4913,19651
"{""allowed_even_counts"":[2,3],""max_consecutive_run"":3,""max_positional_repeats_vs_prev"":3,""min_unique_digits"":3,""sum_max"":33,""sum_min"":12}",balanced_only,56885.829525215,56876,56912,0.5690804539209201,0.00022215866877006718,56885.91349480969,56876,56912,0.5674740484429066,-0.0013850865051903138,432,1848,60,18,2,4913,19651
"{""allowed_even_counts"":[1,2,3,4,5],""max_consecutive_run"":3,""max_positional_repeats_vs_prev"":3,""min_unique_digits"":3,""sum_max"":33,""sum_min"":12}",relaxed,87561.74576357438,87556,87602,0.8730344511729683,-0.002583006462775428,87561.74923671891,87556,87602,0.8742112762059842,-0.001406216161204954,432,144,60,18,2,4913,19651
"{""allowed_even_counts"":[0,1,2,3,4,5],""max_consecutive_run"":3,""max_positional_repeats_vs_prev"":2,""min_unique_digits"":3,""sum_max"":35,""sum_min"":10}",allow_all,93952.91771411125,93909,94286,0.9401557172662969,0.0006265401251843716,93953.08955831468,93909,94244,0.9381233462243028,-0.001407549358843907,207,0,60,18,42,4913,19651
"{""allowed_even_counts"":[1,2,3,4,5],""max_consecutive_run"":3,""max_positional_repeats_vs_prev"":2,""min_unique_digits"":3,""sum_max"":33,""sum_min"":12}",relaxed,86852.53559615287,86757,87312,0.8670296677013892,-0.0014956882601394605,86852.47018115205,86758,87236,0.8670873193568085,-0.0014373824547120329,432,144,60,18,42,4913,19651
"{""allowed_even_counts"":[0,1,2,3,4,5],""max_consecutive_run"":3,""max_positional_repeats_vs_prev"":4,""min_unique_digits"":3,""sum_max"":33,""sum_min"":12}",allow_all,90211.09948603125,90211,90212,0.9004630807592489,-0.0016479141010636855,90211.09932831264,90211,90212,0.9006716873600651,-0.001439305923061407,432,0,60,18,1,4913,19651
"{""allowed_even_counts"":[2,3],""max_consecutive_run"":3,""max_positional_repeats_vs_prev"":2,""min_unique_digits"":4,""sum_max"":33,""sum_min"":12}",balanced_only,50238.275762047735,50137,50672,0.5037402676708564,0.001357510050379096,50238.72603297374,50137,50672,0.5009159373091797,-0.0014713230205576355,432,1848,958,18,42,4913,19651
"{""allowed_even_counts"":[0,1,2,3,4,5],""max_consecutive_run"":3,""max_positional_repeats_vs_prev"":3,""min_unique_digits"":3,""sum_max"":29,""sum_min"":16}",allow_all,70735.51244211491,70722,70768,0.7054093939239733,-0.001945730497175835,70735.6442092408,70722,70768,0.7058823529411765,-0.0014740891512314835,1407,0,60,18,2,4913,19651
"{""allowed_even_counts"":[0,1,2,3,4,5],""max_consecutive_run"":3,""max_positional_repeats_vs_prev"":4,""min_unique_digits"":3,""sum_max"":31,""sum_min"":14}",allow_all,82503.17490204061,82503,82504,0.8249961834003359,-3.556562007023256e-05,82503.17667412986,82503,82504,0.8235294117647058,-0.0015023549765927902,822,0,60,18,1,4913,19651
"{""allowed_even_counts"":[0,1,2,3,4,5],""max_consecutive_run"":3,""max_positional_repeats_vs_prev"":4,""min_unique_digits"":2,""sum_max"":37,""sum_min"":8}",allow_all,98157.01740369447,98157,98158,0.9825454175360032,0.0009752434990585312,98157.01974353756,98157,98158,0.9800529208223082,-0.001517276613067331,79,0,1,18,1,4913,19651
"{""allowed_even_counts"":[0,1,2,3,4,5],""max_consecutive_run"":3,""max_positional_repeats_vs_prev"":4,""min_unique_digits"":3,""sum_max"":35,""sum_min"":10}",allow_all,94763.05251641138,94763,94764,0.9474327006259223,-0.00019782453819150447,94763.0537349888,94763,94764,0.9460614695705272,-0.0015690677793608332,207,0,60,18,1,4913,19651
"{""allowed_even_counts"":[2,3],""max_consecutive_run"":3,""max_positional_repeats_vs_prev"":2,""min_unique_digits"":2,""sum_max"":33,""sum_min"":12}",balanced_only,56762.14421657931,56666,57122,0.5686224619612233,0.0010010197954302136,56762.83106045186,56666,57122,0.5660492570730714,-0.001579053531447272,432,1848,1,18,42,4913,19651
"{""allowed_even_counts"":[0,1,2,3,4,5],""max_consecutive_run"":3,""max_positional_repeats_vs_prev"":2,""min_unique_digits"":3,""sum_max"":31,""sum_min"":14}",allow_all,81798.09373568775,81684,82330,0.8190422879242787,0.001061350567401087,81798.96702625687,81686,82288,0.8164054549155302,-0.0015842153470384535,822,0,60,18,42,4913,19651
"{""allowed_even_counts"":[0,1,2,3,4,5],""max_consecutive_run"":3,""max_positional_repeats_vs_prev"":4,""min_unique_digits"":3,""sum_max"":29,""sum_min"":16}",allow_all,70767.2941835021,70767,70768,0.7057656098926264,-0.0019073319423946744,70767.29411764706,70767,70768,0.7060858945654387,-0.0015870466110319281,1407,0,60,18,1,4913,19651
"{""allowed_even_counts"":[1,2,3,4,5],""max_consecutive_run"":3,""max_positional_repeats_vs_prev"":4,""min_unique_digits"":3,""sum_max"":33,""sum_min"":12}",relaxed,87601.12645666888,87601,87602,0.873492443132665,-0.0025188214340237103,87601.12558518218,87601,87602,0.8744148178302463,-0.001596438021575497,432,144,60,18,1,4913,19651
"{""allowed_even_counts"":[2,3],""max_consecutive_run"":3,""max_positional_repeats_vs_prev"":4,""min_unique_digits"":3,""sum_max"":33,""sum_min"":12}",balanced_only,56911.43056333011,56911,56912,0.5694366698895731,0.0003223642562719675,56911.43252595155,56911,56912,0.5674740484429066,-0.0016402768166089432,432,1848,60,18,1,4913,19651
"{""allowed_even_counts"":[2,3],""max_consecutive_run"":3,""max_positional_repeats_vs_prev"":3,""min_unique_digits"":2,""sum_max"":31,""sum_min"":14}",balanced_only,52419.90885960002,52408,52444,0.5256221057452547,0.001423017149254524,52420.02544270303,52408,52444,0.5224913494809689,-0.0017089049460614625,822,1848,1,18,2,4913,19651
"{""allowed_even_counts"":[1,2,3,4,5],""max_consecutive_run"":3,""max_positional_repeats_vs_prev"":2,""min_unique_digits"":2,""sum_max"":33,""sum_min"":12}",relaxed,87536.66739606127,87438,87994,0.8736451071192306,-0.0017215668413820273,87536.57704050478,87437,87910,0.8736006513331976,-0.0017651190718501741,432,144,1,18,42,4913,19651
"{""allowed_even_counts"":[1,2,3,4,5],""max_consecutive_run"":3,""max_positional_repeats_vs_prev"":3,""min_unique_digits"":2,""sum_max"":33,""sum_min"":12}",relaxed,88251.42883313826,88246,88292,0.8797007785863314,-0.0028135097450511237,88251.42194178709,88246,88292,0.8807246081823733,-0.0017896112354975902,432,144,1,18,2,4913,19651
"{""allowed_even_counts"":[2,3],""max_consecutive_run"":3,""max_positional_repeats_vs_prev"":2,""min_unique_digits"":3,""sum_max"":33,""sum_min"":12}",balanced_only,56425.032517429136,56332,56790,0.5652129662612589,0.0009626410869675306,56425.71341339304,56332,56790,0.5623855078363525,-0.0018716262975778664,432,1848,60,18,42,4913,19651
"{""allowed_even_counts"":[2,3],""max_consecutive_run"":3,""max_positional_repeats_vs_prev"":2,""min_unique_digits"":4,""sum_max"":35,""sum_min"":10}",balanced_only,52114.05506081115,52023,52564,0.522670602004987,0.0015300513968755647,52114.31202930999,52023,52564,0.5192346834927742,-0.001908436800325708,207,1848,958,18,42,4913,19651
"{""allowed_even_counts"":[2,3],""max_consecutive_run"":3,""max_positional_repeats_vs_prev"":3,""min_unique_digits"":2,""sum_max"":32,""sum_min"":13}",balanced_only,54822.79751666582,54812,54848,0.5490305836853087,0.0008026085186504384,54822.89924689599,54812,54848,0.5463057195196418,-0.0019232729493181555,605,1848,1,18,2,4913,19651
"{""allowed_even_counts"":[2,3],""max_consecutive_run"":3,""max_positional_repeats_vs_prev"":4,""min_unique_digits"":2,""sum_max"":31,""sum_min"":14}",balanced_only,52443.47417434227,52443,52444,0.5258256577273421,0.001390915983919383,52443.47750865052,52443,52444,0.5224913494809689,-0.0019434256055362864,822,1848,1,18,1,4913,19651
"{""allowed_even_counts"":[2,3],""max_consecutive_run"":3,""max_positional_repeats_vs_prev"":3,""min_unique_digits"":4,""sum_max"":31,""sum_min"":14}",balanced_only,46602.54455244008,46588,46624,0.4681695588010788,0.002144113276678017,46602.686138815385,46588,46624,0.4640749033177285,-0.0019519580704253636,822,1848,958,18,2,4913,19651
"{""allowed_even_counts"":[1,2,3,4,5],""max_consecutive_run"":3,""max_positional_repeats_vs_prev"":4,""min_unique_digits"":2,""sum_max"":33,""sum_min"":12}",relaxed,88291.11979034146,88291,88292,0.8801587705460282,-0.0027524273573863445,88291.11907185019,88291,88292,0.8809281498066355,-0.001983040911866407,432,144,1,18,1,4913,19651
"{""allowed_even_counts"":[1,2,3,4],""max_consecutive_run"":3,""max_positional_repeats_vs_prev"":3,""min_unique_digits"":3,""sum_max"":37,""sum_min"":8}",moderate,91385.94646582872,91382,91428,0.9142028395501501,0.00034337489186297976,91385.97516792185,91382,91428,0.9118664766944841,-0.00199327498473445,79,315,60,18,2,4913,19651
"{""allowed_even_counts"":[1,2,3,4,5],""max_consecutive_run"":3,""max_positional_repeats_vs_prev"":2,""min_unique_digits"":3,""sum_max"":32,""sum_min"":13}",relaxed,83656.15973741794,83543,84138,0.8346649025494886,-0.0018966948246909032,83656.34866680235,83544,84090,0.8345206594748626,-0.0020428271931608455,605,144,60,18,42,4913,19651
"{""allowed_even_counts"":[1,2,3,4,5],""max_consecutive_run"":3,""max_positional_repeats_vs_prev"":3,""min_unique_digits"":2,""sum_max"":35,""sum_min"":10}",relaxed,92736.341000458,92733,92775,0.9260597425067426,-0.0013036674978372798,92736.30266639528,92733,92771,0.9253002238957867,-0.002062802768166061,207,144,1,18,2,4913,19651
"{""allowed_even_counts"":[0,1,2,3,4,5],""max_consecutive_run"":3,""max_positional_repeats_vs_prev"":2,""min_unique_digits"":3,""sum_max"":29,""sum_min"":16}",allow_all,70162.70953132155,70029,70692,0.7006259223449188,-0.0010011729682967152,70163.82658253613,70031,70662,0.6995725625890494,-0.0020657032363118333,1407,0,60,18,42,4913,19651
"{""allowed_even_counts"":[2,3],""max_consecutive_run"":3,""max_positional_repeats_vs_prev"":3,""min_unique_digits"":2,""sum_max"":29,""sum_min"":16}",balanced_only,45067.29382728614,45052,45088,0.4504605363594728,-0.0002124019133886157,45067.43415428455,45052,45088,0.4486057398738042,-0.0020686016690413256,1407,1848,1,18,2,4913,19651
"{""allowed_even_counts"":[1,2,3,4,5],""max_consecutive_run"":3,""max_positional_repeats_vs_prev"":2,""min_unique_digits"":2,""sum_max"":35,""sum_min"":10}",relaxed,91985.16212915373,91923,92357,0.9195969670754669,-0.0002546542160704046,91984.71626297578,91923,92267,0.9177691837980867,-0.0020779788316711567,207,144,1,18,42,4913,19651
"{""allowed_even_counts"":[2,3],""max_consecutive_run"":3,""max_positional_repeats_vs_prev"":3,""min_unique_digits"":4,""sum_max"":29,""sum_min"":16}",balanced_only,40409.40435601242,40392,40428,0.40511933234949876,0.0010252887893745788,40409.549358843884,40392,40428,0.4019947079177692,-0.002100785670669625,1407,1848,958,18,2,4913,19651
"{""allowed_even_counts"":[1,2,3,4],""max_consecutive_run"":3,""max_positional_repeats_vs_prev"":2,""min_unique_digits"":3,""sum_max"":37,""sum_min"":8}",moderate,90645.42791715435,90597,90916,0.9076891761233525,0.0012348969518091168,90645.63403215958,90597,90916,0.9043354365967841,-0.0021209037248117735,79,315,60,18,42,4913,19651
"{""allowed_even_counts"":[1,2,3,4,5],""max_consecutive_run"":3,""max_positional_repeats_vs_prev"":2,""min_unique_digits"":2,""sum_max"":32,""sum_min"":13}",relaxed,84275.85201770902,84152,84751,0.8405170220345021,-0.0022414981425882274,84276.03073478526,84152,84703,0.8406269082027275,-0.0021333991451252254,605,144,1,18,42,4913,19651
"{""allowed_even_counts"":[2,3],""max_consecutive_run"":3,""max_positional_repeats_vs_prev"":3,""min_unique_digits"":4,""sum_max"":30,""sum_min"":15}",balanced_only,43507.971757162486,43492,43528,0.4361101216223093,0.0010304040506844414,43508.12354976593,43492,43528,0.43293303480561773,-0.0021482006920415797,1091,1848,958,18,2,4913,19651
"{""allowed_even_counts"":[1,2,3,4,5],""max_consecutive_run"":3,""max_positional_repeats_vs_prev"":3,""min_unique_digits"":3,""sum_max"":32,""sum_min"":13}",relaxed,84339.24522925042,84332,84378,0.8404661340389802,-0.002926318253523963,84339.27498473438,84332,84378,0.841237533075514,-0.0021552167718298376,605,144,60,18,2,4913,19651
"{""allowed_even_counts"":[2,3],""max_consecutive_run"":3,""max_positional_repeats_vs_prev"":4,""min_unique_digits"":4,""sum_max"":31,""sum_min"":14}",balanced_only,46623.53162688922,46623,46624,0.46837311078316624,0.0021377945142740384,46623.53592509668,46623,46624,0.4640749033177285,-0.0021604559332383255,822,1848,958,18,1,4913,19651
"{""allowed_even_counts"":[2,3],""max_consecutive_run"":3,""max_positional_repeats_vs_prev"":4,""min_unique_digits"":2,""sum_max"":32,""sum_min"":13}",balanced_only,54847.45066408834,54847,54848,0.5493359116584398,0.0008614050175563825,54847.45369428048,54847,54848,0.5463057195196418,-0.002168817423162994,605,1848,1,18,1,4913,19651
"{""allowed_even_counts"":[1,2,3,4],""max_consecutive_run"":3,""max_positional_repeats_vs_prev"":3,""min_unique_digits"":2,""sum_max"":37,""sum_min"":8}",moderate,91995.66490254948,91992,92029,0.9202076230217292,0.00025097399623430494,91995.6938733971,91992,92029,0.9177691837980867,-0.0021877549358843007,79,315,1,18,2,4913,19651
"{""allowed_even_counts"":[1,2,3,4],""max_consecutive_run"":3,""max_positional_repeats_vs_prev"":4,""min_unique_digits"":3,""sum_max"":37,""sum_min"":8}",moderate,91427.08528828049,91427,91428,0.9146608315098468,0.0003899786270419314,91427.08772644006,91427,91428,0.9120700183187462,-0.0022008589456543604,79,315,60,18,1,4913,19651
"{""allowed_even_counts"":[0,1,2,3,4,5],""max_consecutive_run"":3,""max_positional_repeats_vs_prev"":2,""min_unique_digits"":2,""sum_max"":32,""sum_min"":13}",allow_all,86888.09902803929,86786,87386,0.8677420996386952,-0.0011388906416976985,86888.86322002849,86787,87338,0.8666802361082842,-0.0022083960920007417,605,0,1,18,42,4913,19651
"{""allowed_even_counts"":[2,3],""max_consecutive_run"":3,""max_positional_repeats_vs_prev"":3,""min_unique_digits"":2,""sum_max"":30,""sum_min"":15}",balanced_only,48745.596967075464,48732,48768,0.48689634115312197,-0.0005596285176326932,48745.73580297171,48732,48768,0.4852432322409933,-0.002214125788723764,1091,1848,1,18,2,4913,19651
"{""allowed_even_counts"":[1,2,3,4],""max_consecutive_run"":3,""max_positional_repeats_vs_prev"":2,""min_unique_digits"":2,""sum_max"":37,""sum_min"":8}",moderate,91250.23291435551,91207,91509,0.9136939595949316,0.0011916304513764908,91250.47628740077,91207,91509,0.9102381437003867,-0.0022666191736210317,79,315,1,18,42,4913,19651
"{""allowed_even_counts"":[2,3],""max_consecutive_run"":3,""max_positional_repeats_vs_prev"":4,""min_unique_digits"":2,""sum_max"":29,""sum_min"":16}",balanced_only,45087.54933591166,45087,45088,0.45066408834156024,-0.0002114050175563431,45087.551394260125,45087,45088,0.4486057398738042,-0.002269774068797026,1407,1848,1,18,1,4913,19651
"{""allowed_even_counts"":[1,2,3,4,5],""max_consecutive_run"":3,""max_positional_repeats_vs_prev"":4,""min_unique_digits"":2,""sum_max"":35,""sum_min"":10}",relaxed,92778.07343137753,92778,92779,0.9265177344664394,-0.0012629998473359105,92778.07429269285,92778,92779,0.9255037655200489,-0.002276977406879599,207,144,1,18,1,4913,19651
"{""allowed_even_counts"":[0,1,2,3,4,5],""max_consecutive_run"":3,""max_positional_repeats_vs_prev"":3,""min_unique_digits"":2,""sum_max"":29,""sum_min"":16}",allow_all,71345.22940308381,71332,71378,0.7110579614268994,-0.0023943326039387314,71345.35965805007,71332,71378,0.7111744351719926,-0.0022791614085081457,1407,0,1,18,2,4913,19651
"{""allowed_even_counts"":[2,3],""max_consecutive_run"":3,""max_positional_repeats_vs_prev"":4,""min_unique_digits"":4,""sum_max"":29,""sum_min"":16}",balanced_only,40427.59467711567,40427,40428,0.4053228843315862,0.0010469375604295061,40427.59800529208,40427,40428,0.4019947079177692,-0.002281272135151613,1407,1848,958,18,1,4913,19651
"{""allowed_even_counts"":[1,2,3,4,5],""max_consecutive_run"":3,""max_positional_repeats_vs_prev"":3,""min_unique_digits"":2,""sum_max"":32,""sum_min"":13}",relaxed,84963.95954404357,84957,85003,0.8463691415195156,-0.003270453920920069,84963.98086708732,84957,85003,0.8473437818033788,-0.002296026867494416,605,144,1,18,2,4913,19651
"{""allowed_even_counts"":[1,2,3,4,5],""max_consecutive_run"":3,""max_positional_repeats_vs_prev"":4,""min_unique_digits"":3,""sum_max"":32,""sum_min"":13}",relaxed,84377.159075874,84377,84378,0.840873238003155,-0.002898352755585032,84377.1585589253,84377,84378,0.8414410746997761,-0.002330510889476778,605,144,60,18,1,4913,19651
"{""allowed_even_counts"":[2,3],""max_consecutive_run"":3,""max_positional_repeats_vs_prev"":4,""min_unique_digits"":4,""sum_max"":30,""sum_min"":15}",balanced_only,43527.56368632639,43527,43528,0.4363136736043967,0.0010380367411327862,43527.567066965195,43527,43528,0.43293303480561773,-0.002342635864034215,1091,1848,958,18,1,4913,19651
"{""allowed_even_counts"":[0,1,2,3,4,5],""max_consecutive_run"":3,""max_positional_repeats_vs_prev"":3,""min_unique_digits"":3,""sum_max"":30,""sum_min"":15}",allow_all,77152.55554424711,77142,77188,0.769680932268078,-0.0018446231743930452,77152.66069611236,77142,77188,0.7691837980867088,-0.002342808874414848,1091,0,60,18,2,4913,19651
"{""allowed_even_counts"":[2,3],""max_consecutive_run"":3,""max_positional_repeats_vs_prev"":2,""min_unique_digits"":2,""sum_max"":31,""sum_min"":14}",balanced_only,51995.346089257546,51860,52360,0.5222634980408122,0.0023100371482367432,51996.291471605946,51861,52360,0.517606350498677,-0.0023565642173825063,822,1848,1,18,42,4913,19651
"{""allowed_even_counts"":[1,2,3,4,5],""max_consecutive_run"":3,""max_positional_repeats_vs_prev"":3,""min_unique_digits"":2,""sum_max"":29,""sum_min"":16}",relaxed,69156.25433820162,69142,69188,0.6883619154241515,-0.003200627957864688,69156.3515163851,69142,69188,0.6891919397516793,-0.0023715754121717003,1407,144,1,18,2,4913,19651
"{""allowed_even_counts"":[2,3],""max_consecutive_run"":3,""max_positional_repeats_vs_prev"":3,""min_unique_digits"":3,""sum_max"":31,""sum_min"":14}",balanced_only,52120.04396722813,52108,52144,0.5227214900005088,0.00152105032822758,52120.162426216164,52108,52144,0.5188276002442499,-0.0023740240179117578,822,1848,60,18,2,4913,19651
"{""allowed_even_counts"":[2,3],""max_consecutive_run"":3,""max_positional_repeats_vs_prev"":2,""min_unique_digits"":2,""sum_max"":32,""sum_min"":13}",balanced_only,54378.72983563178,54264,54764,0.5453666480077349,0.0015793496514171501,54379.61978424588,54265,54764,0.5414207205373499,-0.0023754773051088973,605,1848,1,18,42,4913,19651
"{""allowed_even_counts"":[0,1,2,3,4,5],""max_consecutive_run"":3,""max_positional_repeats_vs_prev"":3,""min_unique_digits"":2,""sum_max"":32,""sum_min"":13}",allow_all,87597.7305989517,87592,87638,0.8739504350923617,-0.002026870897155364,87597.79605129249,87592,87638,0.8736006513331976,-0.0023773091797272272,605,0,1,18,2,4913,19651
"{""allowed_even_counts"":[2,3],""max_consecutive_run"":3,""max_positional_repeats_vs_prev"":3,""min_unique_digits"":3,""sum_max"":32,""sum_min"":13}",balanced_only,54502.9420385731,54492,54528,0.5458755279629536,0.0008461075772225879,54503.04579686546,54492,54528,0.5426419702829228,-0.002388487685731744,605,1848,60,18,2,4913,19651
"{""allowed_even_counts"":[0,1,2,3,4,5],""max_consecutive_run"":3,""max_positional_repeats_vs_prev"":4,""min_unique_digits"":2,""sum_max"":29,""sum_min"":16}",allow_all,71377.2885349346,71377,71378,0.7114141773955523,-0.0023587079537936706,71377.28882556483,71377,71378,0.7113779767962548,-0.002394911459393523,1407,0,1,18,1,4913,19651
"{""allowed_even_counts"":[1,2,3,4],""max_consecutive_run"":3,""max_positional_repeats_vs_prev"":4,""min_unique_digits"":2,""sum_max"":37,""sum_min"":8}",moderate,92037.07928349702,92037,92038,0.9206656149814259,0.0002948221464555978,92037.08182373295,92037,92038,0.9179727254223489,-0.0023980928149806013,79,315,1,18,1,4913,19651
"{""allowed_even_counts"":[0,1,2,3,4,5],""max_consecutive_run"":3,""max_positional_repeats_vs_prev"":2,""min_unique_digits"":3,""sum_max"":30,""sum_min"":15}",allow_all,76527.68383288382,76399,77066,0.764337692738283,-0.0009391455905551904,76528.71198860167,76401,77030,0.7628740077345817,-0.0024131121514350262,1091,0,60,18,42,4913,19651
"{""allowed_even_counts"":[0,1,2,3,4,5],""max_consecutive_run"":3,""max_positional_repeats_vs_prev"":3,""min_unique_digits"":2,""sum_max"":31,""sum_min"":14}",allow_all,83205.76672942853,83198,83244,0.8317642868047428,-0.0002933804895425274,83205.84998982292,83198,83244,0.8296356604925708,-0.0024228394056584612,822,0,1,18,2,4913,19651
"{""allowed_even_counts"":[2,3],""max_consecutive_run"":3,""max_positional_repeats_vs_prev"":4,""min_unique_digits"":2,""sum_max"":30,""sum_min"":15}",balanced_only,48767.51290010686,48767,48768,0.4870998931352094,-0.0005752358658592249,48767.514756767756,48767,48768,0.4852432322409933,-0.002431915326684242,1091,1848,1,18,1,4913,19651
"{""allowed_even_counts"":[0,1,2,3,4,5],""max_consecutive_run"":3,""max_positional_repeats_vs_prev"":2,""min_unique_digits"":2,""sum_max"":33,""sum_min"":12}",allow_all,90332.30334334131,90257,90784,0.9023459365935576,-0.0009770968398554736,90332.88845918991,90257,90730,0.9008752289843273,-0.002453655607571825,432,0,1,18,42,4913,19651
"{""allowed_even_counts"":[1,2,3,4,5],""max_consecutive_run"":3,""max_positional_repeats_vs_prev"":3,""min_unique_digits"":3,""sum_max"":29,""sum_min"":16}",relaxed,68696.46384407918,68682,68728,0.6842908757824029,-0.002673762658388812,68696.57337675555,68682,68728,0.6845104823936495,-0.002455251373906009,1407,144,60,18,2,4913,19651
"{""allowed_even_counts"":[1,2,3,4,5],""max_consecutive_run"":3,""max_positional_repeats_vs_prev"":4,""min_unique_digits"":2,""sum_max"":32,""sum_min"":13}",relaxed,85002.15317286651,85002,85003,0.8467762454836903,-0.0032452862449747766,85002.15245267657,85002,85003,0.8475473234276409,-0.002474201099124773,605,144,1,18,1,4913,19651
"{""allowed_even_counts"":[1,2,3,4,5],""max_consecutive_run"":3,""max_positional_repeats_vs_prev"":4,""min_unique_digits"":2,""sum_max"":29,""sum_min"":16}",relaxed,69187.3112818686,69187,69188,0.6886672433972826,-0.00320586942140344,69187.31080806025,69187,69188,0.6893954813759414,-0.002477626704661118,1407,144,1,18,1,4913,19651
"{""allowed_even_counts"":[0,1,2,3,4,5],""max_consecutive_run"":3,""max_positional_repeats_vs_prev"":4,""min_unique_digits"":3,""sum_max"":30,""sum_min"":15}",allow_all,77187.22986107577,77187,77188,0.770037148236731,-0.0018351503740267061,77187.23081620192,77187,77188,0.7693873397109708,-0.002484968451048286,1091,0,60,18,1,4913,19651
"{""allowed_even_counts"":[0,1,2,3,4,5],""max_consecutive_run"":3,""max_positional_repeats_vs_prev"":3,""min_unique_digits"":4,""sum_max"":29,""sum_min"":16}",allow_all,60680.1034552949,60663,60708,0.604193170831001,-0.0026078637219479894,60680.17850600448,60663,60708,0.6043150824343578,-0.002486702625686954,1407,0,958,18,2,4913,19651
"{""allowed_even_counts"":[1,2,3,4,5],""max_consecutive_run"":3,""max_positional_repeats_vs_prev"":3,""min_unique_digits"":4,""sum_max"":29,""sum_min"":16}",relaxed,59540.63325021628,59523,59568,0.5927942598341052,-0.00261207266805763,59540.699369020964,59523,59568,0.5929167514756768,-0.0024902422145328673,1407,144,958,18,2,4913,19651
"{""allowed_even_counts"":[0,1,2,3,4,5],""max_consecutive_run"":3,""max_positional_repeats_vs_prev"":3,""min_unique_digits"":2,""sum_max"":33,""sum_min"":12}",allow_all,91070.11261513409,91066,91112,0.9087578240293115,-0.0019433021220294222,91070.15591288419,91066,91112,0.9082027274577651,-0.0024988316710767844,432,0,1,18,2,4913,19651
"{""allowed_even_counts"":[2,3],""max_consecutive_run"":3,""max_positional_repeats_vs_prev"":3,""min_unique_digits"":3,""sum_max"":29,""sum_min"":16}",balanced_only,44847.39285532543,44832,44868,0.4485267925296423,5.286397638798457e-05,44847.53592509668,44832,44868,0.4459596987583961,-0.002515660492570737,1407,1848,60,18,2,4913,19651
"{""allowed_even_counts"":[1,2,3,4,5],""max_consecutive_run"":3,""max_positional_repeats_vs_prev"":4,""min_unique_digits"":4,""sum_max"":29,""sum_min"":16}",relaxed,59567.40690041219,59567,59568,0.5930486998117144,-0.002625369192407523,59567.40708324852,59567,59568,0.593120293099939,-0.0025537777325462807,1407,144,958,18,1,4913,19651
"{""allowed_even_counts"":[0,1,2,3,4,5],""max_consecutive_run"":3,""max_positional_repeats_vs_prev"":4,""min_unique_digits"":4,""sum_max"":29,""sum_min"":16}",allow_all,60707.3954506132,60707,60708,0.6044984988041321,-0.002575455701999907,60707.39568491757,60707,60708,0.60451862405862,-0.0025553327905556422,1407,0,958,18,1,4913,19651
"{""allowed_even_counts"":[1,2,3,4,5],""max_consecutive_run"":3,""max_positional_repeats_vs_prev"":4,""min_unique_digits"":3,""sum_max"":29,""sum_min"":16}",relaxed,68727.31535290825,68727,68728,0.6845962037555341,-0.002676949773548376,68727.31548951761,68727,68728,0.6847140240179117,-0.0025591308772644483,1407,144,60,18,1,4913,19651
"{""allowed_even_counts"":[0,1,2,3,4,5],""max_consecutive_run"":3,""max_positional_repeats_vs_prev"":4,""min_unique_digits"":2,""sum_max"":32,""sum_min"":13}",allow_all,87637.12554068495,87637,87638,0.8744084270520585,-0.001962828354791113,87637.12619580704,87637,87638,0.8738041929574598,-0.0025670690006105445,605,0,1,18,1,4913,19651
"{""allowed_even_counts"":[1,2,3,4,5],""max_consecutive_run"":3,""max_positional_repeats_vs_prev"":3,""min_unique_digits"":3,""sum_max"":31,""sum_min"":14}",relaxed,80067.22456872424,80058,80104,0.7992468576662766,-0.001425388020965812,80067.275188276,80058,80104,0.7980867087319357,-0.0025860431508244464,822,144,60,18,2,4913,19651
"{""allowed_even_counts"":[0,1,2,3,4,5],""max_consecutive_run"":3,""max_positional_repeats_vs_prev"":4,""min_unique_digits"":2,""sum_max"":31,""sum_min"":14}",allow_all,83243.16777772123,83243,83244,0.8321205027733958,-0.00031117500381649954,83243.1703643395,83243,83244,0.8298392021168329,-0.0025925015265620965,822,0,1,18,1,4913,19651
"{""allowed_even_counts"":[2,3],""max_consecutive_run"":3,""max_positional_repeats_vs_prev"":4,""min_unique_digits"":3,""sum_max"":31,""sum_min"":14}",balanced_only,52143.47707495802,52143,52144,0.5229250419825963,0.0014902712330160384,52143.481172399755,52143,52144,0.5188276002442499,-0.0026072114797476287,822,1848,60,18,1,4913,19651
"{""allowed_even_counts"":[0,1,2,3,4,5],""max_consecutive_run"":3,""max_positional_repeats_vs_prev"":2,""min_unique_digits"":2,""sum_max"":31,""sum_min"":14}",allow_all,82531.79456516208,82403,83058,0.8261157193018167,0.0007977736501958432,82532.74781192753,82404,83016,0.8227152452676573,-0.002612232851618046,822,0,1,18,42,4913,19651
"{""allowed_even_counts"":[2,3],""max_consecutive_run"":3,""max_positional_repeats_vs_prev"":4,""min_unique_digits"":3,""sum_max"":32,""sum_min"":13}",balanced_only,54527.453819144066,54527,54528,0.5461808559360847,0.0009063177446440029,54527.457358029715,54527,54528,0.5426419702829228,-0.0026326032973743585,605,1848,60,18,1,4913,19651
"{""allowed_even_counts"":[1,2,3,4,5],""max_consecutive_run"":3,""max_positional_repeats_vs_prev"":3,""min_unique_digits"":2,""sum_max"":31,""sum_min"":14}",relaxed,80641.96285176327,80633,80679,0.8045392092005496,-0.0018804193170831596,80642.00407083248,80633,80679,0.8037858742112762,-0.002634166497048618,822,144,1,18,2,4913,19651
"{""allowed_even_counts"":[0,1,2,3,4,5],""max_consecutive_run"":3,""max_positional_repeats_vs_prev"":4,""min_unique_digits"":2,""sum_max"":33,""sum_min"":12}",allow_all,91111.09068240802,91111,91112,0.90926670398453,-0.001844202839550113,91111.09159373092,91111,91112,0.9084062690820273,-0.0027046468552819336,432,0,1,18,1,4913,19651
"{""allowed_even_counts"":[2,3],""max_consecutive_run"":3,""max_positional_repeats_vs_prev"":4,""min_unique_digits"":3,""sum_max"":29,""sum_min"":16}",balanced_only,44867.55126965549,44867,44868,0.44873034451172966,5.483181517479396e-05,44867.55404030124,44867,44868,0.4459596987583961,-0.002715841644616357,1407,1848,60,18,1,4913,19651
"{""allowed_even_counts"":[1,2,3,4,5],""max_consecutive_run"":3,""max_positional_repeats_vs_prev"":4,""min_unique_digits"":3,""sum_max"":31,""sum_min"":14}",relaxed,80103.20034603837,80103,80104,0.7995521856394077,-0.0014798178209760593,80103.20191329127,80103,80104,0.7982902503561978,-0.002741768776714837,822,144,60,18,1,4913,19651
"{""allowed_even_counts"":[1,2,3,4,5],""max_consecutive_run"":3,""max_positional_repeats_vs_prev"":2,""min_unique_digits"":2,""sum_max"":30,""sum_min"":15}",relaxed,74892.00412192763,74728,75408,0.7464760063101115,-0.002444034909164894,74892.61184612253,74728,75372,0.7461835945450844,-0.0027425239161408266,1091,144,1,18,42,4913,19651
"{""allowed_even_counts"":[1,2,3,4,5],""max_consecutive_run"":3,""max_positional_repeats_vs_prev"":3,""min_unique_digits"":2,""sum_max"":30,""sum_min"":15}",relaxed,75503.32817668312,75492,75538,0.7514630298712534,-0.003570251895577803,75503.40219824955,75492,75538,0.7522898432729493,-0.00274417870954613,1091,144,1,18,2,4913,19651
"{""allowed_even_counts"":[1,2,3,4,5],""max_consecutive_run"":3,""max_positional_repeats_vs_prev"":4,""min_unique_digits"":2,""sum_max"":31,""sum_min"":14}",relaxed,80678.19505368684,80678,80679,0.8048445371736808,-0.0019374133631876456,80678.19621412578,80678,80679,0.8039894158355384,-0.0027925463057194566,822,144,1,18,1,4913,19651
"{""allowed_even_counts"":[1,2,3,4,5],""max_consecutive_run"":3,""max_positional_repeats_vs_prev"":2,""min_unique_digits"":3,""sum_max"":31,""sum_min"":14}",relaxed,79418.82301155158,79285,79932,0.7940053941275254,-0.00018283598799040401,79419.18339100346,79286,79888,0.7913698351312843,-0.0028219987787503342,822,144,60,18,42,4913,19651
"{""allowed_even_counts"":[0,1,2,3,4,5],""max_consecutive_run"":3,""max_positional_repeats_vs_prev"":2,""min_unique_digits"":2,""sum_max"":29,""sum_min"":16}",allow_all,70767.52638542568,70617,71294,0.7062744898478449,-0.001400774006411809,70768.70527172807,70618,71264,0.7048646448198657,-0.002822407897415058,1407,0,1,18,42,4913,19651
"{""allowed_even_counts"":[1,2,3,4,5],""max_consecutive_run"":3,""max_positional_repeats_vs_prev"":2,""min_unique_digits"":2,""sum_max"":31,""sum_min"":14}",relaxed,79988.95257238817,79839,80499,0.7992468576662766,-0.0006426680576051558,79989.29574598005,79839,80451,0.7970690006106249,-0.0028239568491755795,822,144,1,18,42,4913,19651
"{""allowed_even_counts"":[2,3],""max_consecutive_run"":3,""max_positional_repeats_vs_prev"":3,""min_unique_digits"":4,""sum_max"":32,""sum_min"":13}",balanced_only,48625.61121571421,48612,48648,0.487964989059081,0.0017088769019388272,48625.73600651333,48612,48648,0.4834113576226338,-0.0028460024424994956,605,1848,958,18,2,4913,19651
"{""allowed_even_counts"":[2,3],""max_consecutive_run"":3,""max_positional_repeats_vs_prev"":2,""min_unique_digits"":4,""sum_max"":31,""sum_min"":14}",balanced_only,46224.97481044222,46113,46624,0.46511627906976744,0.002866530965345282,46225.66049257073,46113,46624,0.4593934459596988,-0.0028631589660085277,822,1848,958,18,42,4913,19651
"{""allowed_even_counts"":[2,3],""max_consecutive_run"":3,""max_positional_repeats_vs_prev"":2,""min_unique_digits"":3,""sum_max"":32,""sum_min"":13}",balanced_only,54061.44328532899,53955,54452,0.5422115922853799,0.001597159432089934,54062.31894972522,53957,54452,0.5377569713006309,-0.0028662181966212508,605,1848,60,18,42,4913,19651
"{""allowed_even_counts"":[2,3],""max_consecutive_run"":3,""max_positional_repeats_vs_prev"":3,""min_unique_digits"":3,""sum_max"":30,""sum_min"":15}",balanced_only,48485.7136532492,48472,48508,0.4845554933591166,-0.0003016431733754432,48485.85609607165,48472,48508,0.4819865662527987,-0.0028719947079178243,1091,1848,60,18,2,4913,19651
"{""allowed_even_counts"":[1,2,3,4,5],""max_consecutive_run"":3,""max_positional_repeats_vs_prev"":3,""min_unique_digits"":4,""sum_max"":37,""sum_min"":8}",relaxed,78671.77599104372,78662,78708,0.7839804590097196,-0.002737300900717554,78671.7307144311,78662,78708,0.7838387950335843,-0.002878512110726761,79,144,958,18,2,4913,19651
"{""allowed_even_counts"":[1,2,3,4,5],""max_consecutive_run"":3,""max_positional_repeats_vs_prev"":4,""min_unique_digits"":2,""sum_max"":30,""sum_min"":15}",relaxed,75537.24812986616,75537,75538,0.7517683578443846,-0.003604123454277075,75537.24771015672,75537,75538,0.7524933848972115,-0.002879092204355671,1091,144,1,18,1,4913,19651
"{""allowed_even_counts"":[1,2,3,4,5],""max_consecutive_run"":3,""max_positional_repeats_vs_prev"":2,""min_unique_digits"":2,""sum_max"":29,""sum_min"":16}",relaxed,68596.43234440996,68428,69104,0.6839346598137499,-0.0020296636303496207,68597.09607164665,68428,69074,0.6830856910238143,-0.002885269692652126,1407,144,1,18,42,4913,19651
"{""allowed_even_counts"":[1,2,3,4,5],""max_consecutive_run"":3,""max_positional_repeats_vs_prev"":3,""min_unique_digits"":3,""sum_max"":30,""sum_min"":15}",relaxed,74993.5601241667,74982,75028,0.7468831102742863,-0.0030524909673806944,74993.64522694891,74982,75028,0.7469977610421331,-0.002938691227356016,1091,144,60,18,2,4913,19651
"{""allowed_even_counts"":[2,3],""max_consecutive_run"":3,""max_positional_repeats_vs_prev"":2,""min_unique_digits"":2,""sum_max"":30,""sum_min"":15}",balanced_only,48350.84514782963,48212,48720,0.483690397435245,0.00018194595694875915,48351.96275188276,48213,48720,0.4805617748829636,-0.002957852635864011,1091,1848,1,18,42,4913,19651
"{""allowed_even_counts"":[2,3],""max_consecutive_run"":3,""max_positional_repeats_vs_prev"":3,""min_unique_digits"":2,""sum_max"":37,""sum_min"":8}",balanced_only,61379.75090326192,61372,61408,0.6148796498905909,0.0010821408579716474,61379.79910441685,61372,61408,0.610828414410747,-0.0029695766334215667,79,1848,1,18,2,4913,19651
"{""allowed_even_counts"":[2,3],""max_consecutive_run"":3,""max_positional_repeats_vs_prev"":3,""min_unique_digits"":2,""sum_max"":35,""sum_min"":10}",balanced_only,59996.38725764592,59988,60024,0.6005801231489492,0.0006162505724899292,59996.45247303073,59988,60024,0.59698758396092,-0.0029769407693872596,207,1848,1,18,2,4913,19651
"{""allowed_even_counts"":[1,2,3,4,5],""max_consecutive_run"":3,""max_positional_repeats_vs_prev"":2,""min_unique_digits"":3,""sum_max"":30,""sum_min"":15}",relaxed,74386.32634471529,74240,74906,0.7418960867131443,-0.00196717673400848,74386.92794626502,74241,74870,0.7408915123142683,-0.002977767148381827,1091,144,60,18,42,4913,19651
"{""allowed_even_counts"":[1,2,3,4,5],""max_consecutive_run"":3,""max_positional_repeats_vs_prev"":2,""min_unique_digits"":3,""sum_max"":29,""sum_min"":16}",relaxed,68140.32542873136,67990,68652,0.6798636201720014,-0.0015396341153122162,68140.99755750051,67991,68622,0.6784042336657846,-0.0030057419092204274,1407,144,60,18,42,4913,19651
"{""allowed_even_counts"":[1,2,3,4,5],""max_consecutive_run"":3,""max_positional_repeats_vs_prev"":4,""min_unique_digits"":4,""sum_max"":37,""sum_min"":8}",relaxed,78707.21561243702,78707,78708,0.7843875629738944,-0.002684593150475756,78707.21575412172,78707,78708,0.7840423366578465,-0.003029820883370671,79,144,958,18,1,4913,19651
"{""allowed_even_counts"":[0,1,2,3,4,5],""max_consecutive_run"":3,""max_positional_repeats_vs_prev"":3,""min_unique_digits"":2,""sum_max"":30,""sum_min"":15}",allow_all,77812.25006361,77802,77848,0.7758383797262226,-0.0022841209098773962,77812.35497659272,77802,77848,0.7750865051903114,-0.0030370445756157105,1091,0,1,18,2,4913,19651
"{""allowed_even_counts"":[2,3],""max_consecutive_run"":3,""max_positional_repeats_vs_prev"":2,""min_unique_digits"":3,""sum_max"":31,""sum_min"":14}",balanced_only,51697.88626533001,51574,52068,0.5193628822960663,0.002384019642766244,51698.813148788926,51575,52068,0.5139426012619581,-0.0030455302259311257,822,1848,60,18,42,4913,19651
"{""allowed_even_counts"":[0,1,2,3,4,5],""max_consecutive_run"":3,""max_positional_repeats_vs_prev"":3,""min_unique_digits"":4,""sum_max"":37,""sum_min"":8}",allow_all,79991.16319780164,79982,80028,0.7974148898274896,-0.002496742150526754,79991.13047018115,79982,80028,0.7968654589863627,-0.0030458457154487473,79,0,958,18,2,4913,19651
"{""allowed_even_counts"":[2,3],""max_consecutive_run"":3,""max_positional_repeats_vs_prev"":3,""min_unique_digits"":3,""sum_max"":35,""sum_min"":10}",balanced_only,59616.55981883874,59608,59644,0.5968144114803318,0.0006488132919444389,59616.62731528598,59608,59644,0.593120293099939,-0.0030459800529207826,207,1848,60,18,2,4913,19651
"{""allowed_even_counts"":[0,1,2,3,4,5],""max_consecutive_run"":3,""max_positional_repeats_vs_prev"":2,""min_unique_digits"":2,""sum_max"":30,""sum_min"":15}",allow_all,77182.07154852171,77037,77718,0.7704951401964276,-0.0013255752887894046,77183.17606350499,77038,77682,0.7687767148381844,-0.003055045796865441,1091,0,1,18,42,4913,19651
"{""allowed_even_counts"":[2,3],""max_consecutive_run"":3,""max_positional_repeats_vs_prev"":4,""min_unique_digits"":4,""sum_max"":32,""sum_min"":13}",balanced_only,48647.51172968297,48647,48648,0.4882703170322121,0.0017951997353823912,48647.51658864238,48647,48648,0.4834113576226338,-0.003063808263789991,605,1848,958,18,1,4913,19651
"{""allowed_even_counts"":[1,2,3,4,5],""max_consecutive_run"":3,""max_positional_repeats_vs_prev"":4,""min_unique_digits"":3,""sum_max"":30,""sum_min"":15}",relaxed,75027.25270978577,75027,75028,0.7471884382474174,-0.003084088850440203,75027.25300223895,75027,75028,0.7472013026663953,-0.0030712273559942993,1091,144,60,18,1,4913,19651
"{""allowed_even_counts"":[2,3],""max_consecutive_run"":3,""max_positional_repeats_vs_prev"":4,""min_unique_digits"":3,""sum_max"":30,""sum_min"":15}",balanced_only,48507.51524095466,48507,48508,0.484759045341204,-0.00031610706834256375,48507.51801343375,48507,48508,0.4819865662527987,-0.0030886138815388042,1091,1848,60,18,1,4913,19651
"{""allowed_even_counts"":[2,3],""max_consecutive_run"":3,""max_positional_repeats_vs_prev"":2,""min_unique_digits"":4,""sum_max"":30,""sum_min"":15}",balanced_only,43155.51259477889,43042,43528,0.43320950587756346,0.0016543799297745743,43156.35090576023,43042,43528,0.4284551190718502,-0.0031083899857520803,1091,1848,958,18,42,4913,19651
"{""allowed_even_counts"":[2,3],""max_consecutive_run"":3,""max_positional_repeats_vs_prev"":2,""min_unique_digits"":2,""sum_max"":29,""sum_min"":16}",balanced_only,44702.37061727139,44560,45040,0.4475090326192051,0.000485326446491241,44703.48280073275,44561,45040,0.4439242825157745,-0.0031105454915530406,1407,1848,1,18,42,4913,19651
"{""allowed_even_counts"":[1,2,3,4,5],""max_consecutive_run"":3,""max_positional_repeats_vs_prev"":2,""min_unique_digits"":4,""sum_max"":29,""sum_min"":16}",relaxed,59058.45870439163,58921,59568,0.5890285481654878,-0.0015560388784285895,59058.833910034606,58923,59568,0.5874211276205984,-0.0031672114797476336,1407,144,958,18,42,4913,19651
"{""allowed_even_counts"":[0,1,2,3,4,5],""max_consecutive_run"":3,""max_positional_repeats_vs_prev"":4,""min_unique_digits"":2,""sum_max"":30,""sum_min"":15}",allow_all,77847.22370362832,77847,77848,0.7761945956948756,-0.0022776413414076213,77847.2249134948,77847,77848,0.7752900468145736,-0.003182202320374472,1091,0,1,18,1,4913,19651
"{""allowed_even_counts"":[0,1,2,3,4,5],""max_consecutive_run"":3,""max_positional_repeats_vs_prev"":4,""min_unique_digits"":4,""sum_max"":37,""sum_min"":8}",allow_all,80027.20212711822,80027,80028,0.7978728817871864,-0.002399139483995727,80027.20272745777,80027,80028,0.7970690006106249,-0.0032030266639527794,79,0,958,18,1,4913,19651
"{""allowed_even_counts"":[1,2,3,4,5],""max_consecutive_run"":3,""max_positional_repeats_vs_prev"":2,""min_unique_digits"":4,""sum_max"":37,""sum_min"":8}",relaxed,78034.34741234542,77942,78708,0.7785354434888809,-0.0018080306345732433,78033.59128841848,77942,78708,0.777121921432933,-0.0032139914512517853,79,144,958,18,42,4913,19651
"{""allowed_even_counts"":[2,3],""max_consecutive_run"":3,""max_positional_repeats_vs_prev"":4,""min_unique_digits"":2,""sum_max"":37,""sum_min"":8}",balanced_only,61407.38476413414,61407,61408,0.6152358658592438,0.0011620182179024052,61407.389171585586,61407,61408,0.610828414410747,-0.0032454773051089347,79,1848,1,18,1,4913,19651
"{""allowed_even_counts"":[2,3],""max_consecutive_run"":3,""max_positional_repeats_vs_prev"":4,""min_unique_digits"":2,""sum_max"":35,""sum_min"":10}",balanced_only,60023.39906366088,60023,60024,0.6009363391176021,0.0007023484809933755,60023.40301241604,60023,60024,0.59698758396092,-0.003246446163240435,207,1848,1,18,1,4913,19651
"{""allowed_even_counts"":[2,3],""max_consecutive_run"":3,""max_positional_repeats_vs_prev"":3,""min_unique_digits"":3,""sum_max"":37,""sum_min"":8}",balanced_only,60959.943158109,60952,60988,0.6106559462622767,0.0010565146811867265,60959.992672501525,60952,60988,0.6063504986769794,-0.0032494280480358517,79,1848,60,18,2,4913,19651
"{""allowed_even_counts"":[0,1,2,3,4,5],""max_consecutive_run"":3,""max_positional_repeats_vs_prev"":2,""min_unique_digits"":4,""sum_max"":29,""sum_min"":16}",allow_all,60188.61101216223,60061,60708,0.6000712431937306,-0.0018148669278916785,60189.14186851211,60061,60708,0.5986159169550173,-0.0032755017301038247,1407,0,958,18,42,4913,19651
"{""allowed_even_counts"":[0,1,2,3,4,5],""max_consecutive_run"":3,""max_positional_repeats_vs_prev"":2,""min_unique_digits"":2,""sum_max"":35,""sum_min"":10}",allow_all,94934.46226655132,94898,95256,0.9499262124064933,0.0005815897409802151,94934.73173213922,94898,95214,0.9460614695705272,-0.003285847750865045,207,0,1,18,42,4913,19651
"{""allowed_even_counts"":[2,3],""max_consecutive_run"":3,""max_positional_repeats_vs_prev"":2,""min_unique_digits"":2,""sum_max"":37,""sum_min"":8}",balanced_only,60882.49732838023,60822,61202,0.6105032822757112,0.0016783089919087946,60882.86871565235,60822,61200,0.6055363321799307,-0.0032923549765927485,79,1848,1,18,42,4913,19651
"{""allowed_even_counts"":[0,1,2,3,4,5],""max_consecutive_run"":3,""max_positional_repeats_vs_prev"":3,""min_unique_digits"":2,""sum_max"":35,""sum_min"":10}",allow_all,95709.95369192408,95708,95750,0.956745203806422,-0.0003543331128187388,95709.97028292286,95708,95746,0.9537960512924893,-0.0033036515367392827,207,0,1,18,2,4913,19651
"{""allowed_even_counts"":[2,3],""max_consecutive_run"":3,""max_positional_repeats_vs_prev"":2,""min_unique_digits"":4,""sum_max"":29,""sum_min"":16}",balanced_only,40082.074856241416,39967,40428,0.4024731565823622,0.0016524080199480373,40082.9253002239,39967,40428,0.39751679218400165,-0.0033124608182373283,1407,1848,958,18,42,4913,19651
"{""allowed_even_counts"":[2,3],""max_consecutive_run"":3,""max_positional_repeats_vs_prev"":4,""min_unique_digits"":3,""sum_max"":35,""sum_min"":10}",balanced_only,59643.40282937255,59643,59644,0.5971706274489847,0.0007365991552592543,59643.4068797069,59643,59644,0.593120293099939,-0.0033137756971299837,207,1848,60,18,1,4913,19651
"{""allowed_even_counts"":[2,3],""max_consecutive_run"":3,""max_positional_repeats_vs_prev"":2,""min_unique_digits"":2,""sum_max"":35,""sum_min"":10}",balanced_only,59510.38430614218,59438,59852,0.5964073075161569,0.0013034644547350593,59510.84836148992,59438,59850,0.5916955017301038,-0.0034129818847954407,207,1848,1,18,42,4913,19651
"{""allowed_even_counts"":[0,1,2,3,4,5],""max_consecutive_run"":3,""max_positional_repeats_vs_prev"":2,""min_unique_digits"":4,""sum_max"":37,""sum_min"":8}",allow_all,79342.91898631112,79262,80028,0.791613658337998,-0.0018155315251132675,79342.40118054142,79262,80028,0.7899450437614493,-0.0034789680439649695,79,0,958,18,42,4913,19651
"{""allowed_even_counts"":[2,3],""max_consecutive_run"":3,""max_positional_repeats_vs_prev"":2,""min_unique_digits"":3,""sum_max"":35,""sum_min"":10}",balanced_only,59133.60953641036,59058,59484,0.5926415958475396,0.0013055004834360284,59134.069814777125,59058,59482,0.5878282108691227,-0.0035124872786485017,207,1848,60,18,42,4913,19651
"{""allowed_even_counts"":[2,3],""max_consecutive_run"":3,""max_positional_repeats_vs_prev"":4,""min_unique_digits"":3,""sum_max"":37,""sum_min"":8}",balanced_only,60987.38898783777,60987,60988,0.6110121622309297,0.0011382723525520388,60987.393649501326,60987,60988,0.6063504986769794,-0.003523437818033881,79,1848,60,18,1,4913,19651
"{""allowed_even_counts"":[0,1,2,3,4,5],""max_consecutive_run"":3,""max_positional_repeats_vs_prev"":4,""min_unique_digits"":2,""sum_max"":35,""sum_min"":10}",allow_all,95753.04269502824,95753,95754,0.9572540837616407,-0.0002763431886417811,95753.04579686545,95753,95754,0.9539995929167515,-0.0035308650519030316,207,0,1,18,1,4913,19651
"{""allowed_even_counts"":[1,2,3,4],""max_consecutive_run"":3,""max_positional_repeats_vs_prev"":3,""min_unique_digits"":3,""sum_max"":35,""sum_min"":10}",moderate,89222.943259885,89218,89264,0.8908452496056181,-0.0013841829932319527,89222.98921229392,89218,89264,0.8886627315285976,-0.0035671605943415896,207,315,60,18,2,4913,19651
"{""allowed_even_counts"":[2,3],""max_consecutive_run"":3,""max_positional_repeats_vs_prev"":2,""min_unique_digits"":3,""sum_max"":29,""sum_min"":16}",balanced_only,44484.23077705969,44352,44824,0.4455752887893746,0.0007329810187776675,44485.325055973946,44353,44824,0.44127824140036637,-0.003575009159373088,1407,1848,60,18,42,4913,19651
"{""allowed_even_counts"":[2,3],""max_consecutive_run"":3,""max_positional_repeats_vs_prev"":2,""min_unique_digits"":4,""sum_max"":32,""sum_min"":13}",balanced_only,48231.618543585566,48125,48648,0.48460638135463846,0.0022901959187828225,48232.23631182577,48125,48648,0.4787299002646041,-0.0035924628536536107,605,1848,958,18,42,4913,19651
"{""allowed_even_counts"":[2,3],""max_consecutive_run"":3,""max_positional_repeats_vs_prev"":2,""min_unique_digits"":3,""sum_max"":37,""sum_min"":8}",balanced_only,60466.067681034045,60402,60794,0.6062795786473971,0.0016189018370567076,60466.435375534296,60402,60792,0.6010584164461632,-0.0036059373091797964,79,1848,60,18,42,4913,19651
"{""allowed_even_counts"":[2,3],""max_consecutive_run"":3,""max_positional_repeats_vs_prev"":2,""min_unique_digits"":3,""sum_max"":30,""sum_min"":15}",balanced_only,48093.049819347616,47965,48464,0.4813495496412396,0.00041905144776344105,48094.13474455526,47966,48464,0.47730510889476896,-0.0036362385507836548,1091,1848,60,18,42,4913,19651
"{""allowed_even_counts"":[1,2,3,4],""max_consecutive_run"":3,""max_positional_repeats_vs_prev"":2,""min_unique_digits"":3,""sum_max"":35,""sum_min"":10}",moderate,88500.01445219074,88434,88854,0.8845860261564297,-0.000414118365477667,88500.41827803786,88434,88854,0.8813352330551598,-0.0036689497252188064,207,315,60,18,42,4913,19651
"{""allowed_even_counts"":[1,2,3,4],""max_consecutive_run"":3,""max_positional_repeats_vs_prev"":4,""min_unique_digits"":3,""sum_max"":35,""sum_min"":10}",moderate,89263.10864587044,89263,89264,0.8913032415653147,-0.0013278448933896625,89263.11093018523,89263,89264,0.8888662731528597,-0.0037648361489925897,207,315,60,18,1,4913,19651
"{""allowed_even_counts"":[1,2,3,4,5],""max_consecutive_run"":3,""max_positional_repeats_vs_prev"":3,""min_unique_digits"":4,""sum_max"":35,""sum_min"":10}",relaxed,77368.37697827083,77358,77404,0.7698844842501654,-0.0037992855325428287,77368.34378180339,77358,77404,0.7697944229594952,-0.003889014858538653,207,144,958,18,2,4913,19651
"{""allowed_even_counts"":[1,2,3,4],""max_consecutive_run"":3,""max_positional_repeats_vs_prev"":3,""min_unique_digits"":3,""sum_max"":33,""sum_min"":12}",moderate,84952.93033433413,84946,84992,0.8466744694926467,-0.002854833850694627,84953.00061062488,84946,84992,0.8455119071850193,-0.004018098921229396,432,315,60,18,2,4913,19651
"{""allowed_even_counts"":[1,2,3,4,5],""max_consecutive_run"":3,""max_positional_repeats_vs_prev"":4,""min_unique_digits"":4,""sum_max"":35,""sum_min"":10}",relaxed,77403.22970841179,77403,77404,0.7702915882143402,-0.0037407088697777313,77403.22979849379,77403,77404,0.7699979645837574,-0.004034333401180534,207,144,958,18,1,4913,19651
"{""allowed_even_counts"":[0,1,2,3,4,5],""max_consecutive_run"":3,""max_positional_repeats_vs_prev"":3,""min_unique_digits"":4,""sum_max"":35,""sum_min"":10}",allow_all,78687.76418502875,78678,78724,0.7833189150679355,-0.0035587267823520286,78687.74353755343,78678,78724,0.7828210869122736,-0.0040563484632606395,207,0,958,18,2,4913,19651
"{""allowed_even_counts"":[1,2,3,4],""max_consecutive_run"":3,""max_positional_repeats_vs_prev"":2,""min_unique_digits"":3,""sum_max"":33,""sum_min"":12}",moderate,84264.66123861381,84171,84702,0.8408223500076332,-0.0018242623785049705,84265.38815387747,84172,84702,0.8385914919601059,-0.00406238957866889,432,315,60,18,42,4913,19651
"{""allowed_even_counts"":[1,2,3,4],""max_consecutive_run"":3,""max_positional_repeats_vs_prev"":3,""min_unique_digits"":2,""sum_max"":35,""sum_min"":10}",moderate,89762.6964531067,89758,89800,0.8962902651264567,-0.001336699404610342,89762.74068797068,89758,89800,0.8935477305108894,-0.004079676368817453,207,315,1,18,2,4913,19651
"{""allowed_even_counts"":[1,2,3,4],""max_consecutive_run"":3,""max_positional_repeats_vs_prev"":3,""min_unique_digits"":2,""sum_max"":33,""sum_min"":12}",moderate,85432.7114650654,85426,85472,0.851508829067223,-0.0028182855834308906,85432.77956442093,85426,85472,0.8501933645430491,-0.004134431101160185,432,315,1,18,2,4913,19651
"{""allowed_even_counts"":[1,2,3,4],""max_consecutive_run"":3,""max_positional_repeats_vs_prev"":2,""min_unique_digits"":2,""sum_max"":35,""sum_min"":10}",moderate,89035.41987685105,88973,89382,0.8900310416772683,-0.0003231570912421988,89035.85243232241,88973,89382,0.8862202320374517,-0.004138292285772449,207,315,1,18,42,4913,19651
"{""allowed_even_counts"":[1,2,3,4],""max_consecutive_run"":3,""max_positional_repeats_vs_prev"":2,""min_unique_digits"":2,""sum_max"":33,""sum_min"":12}",moderate,84740.58073380489,84643,85174,0.8456567095822095,-0.0017490977558394238,84741.33421534704,84644,85174,0.8432729493181356,-0.00414039283533485,432,315,1,18,42,4913,19651
"{""allowed_even_counts"":[1,2,3,4],""max_consecutive_run"":3,""max_positional_repeats_vs_prev"":4,""min_unique_digits"":3,""sum_max"":33,""sum_min"":12}",moderate,84991.15281665054,84991,84992,0.8471324614523434,-0.0027790667141620595,84991.15428455119,84991,84992,0.8457154488092815,-0.004196094036230336,432,315,60,18,1,4913,19651
"{""allowed_even_counts"":[0,1,2,3,4,5],""max_consecutive_run"":3,""max_positional_repeats_vs_prev"":4,""min_unique_digits"":4,""sum_max"":35,""sum_min"":10}",allow_all,78723.21622309297,78723,78724,0.7837769070276321,-0.0034552552032975914,78723.21677182984,78723,78724,0.7830246285365358,-0.004207539181762643,207,0,958,18,1,4913,19651
"{""allowed_even_counts"":[1,2,3,4],""max_consecutive_run"":3,""max_positional_repeats_vs_prev"":4,""min_unique_digits"":2,""sum_max"":35,""sum_min"":10}",moderate,89803.10320085492,89803,89804,0.8967482570861534,-0.001282774922395924,89803.10604518624,89803,89804,0.8937512721351516,-0.004279788316710831,207,315,1,18,1,4913,19651
"{""allowed_even_counts"":[1,2,3,4],""max_consecutive_run"":3,""max_positional_repeats_vs_prev"":4,""min_unique_digits"":2,""sum_max"":33,""sum_min"":12}",moderate,85471.14798229098,85471,85472,0.8519668210269198,-0.0027446587959899515,85471.14960309383,85471,85472,0.8503969061673112,-0.004314589863627094,432,315,1,18,1,4913,19651
"{""allowed_even_counts"":[1,2,3,4,5],""max_consecutive_run"":3,""max_positional_repeats_vs_prev"":2,""min_unique_digits"":4,""sum_max"":35,""sum_min"":10}",relaxed,76741.5512696555,76639,77404,0.7646430207114142,-0.002772491985140735,76740.90820272746,76640,77404,0.7630775493588439,-0.004331532668430671,207,144,958,18,42,4913,19651
"{""allowed_even_counts"":[0,1,2,3,4,5],""max_consecutive_run"":3,""max_positional_repeats_vs_prev"":2,""min_unique_digits"":4,""sum_max"":35,""sum_min"":10}",allow_all,78050.1228436212,77959,78724,0.7777212355605313,-0.002779992875680648,78049.7180948504,77959,78724,0.7759006716873601,-0.004596509261143855,207,0,958,18,42,4913,19651
"{""allowed_even_counts"":[1,2,3,4],""max_consecutive_run"":3,""max_positional_repeats_vs_prev"":3,""min_unique_digits"":2,""sum_max"":29,""sum_min"":16}",moderate,66967.2467050023,66952,66998,0.6671925092870592,-0.002479957762963725,66967.39649908406,66952,66998,0.6643598615916955,-0.005314103399145176,1407,315,1,18,2,4913,19651
"{""allowed_even_counts"":[1,2,3,4],""max_consecutive_run"":3,""max_positional_repeats_vs_prev"":2,""min_unique_digits"":2,""sum_max"":32,""sum_min"":13}",moderate,81663.19515546283,81539,82128,0.8140552643631367,-0.0025766871914916223,81664.09810706289,81540,82116,0.8113169143089762,-0.005324066761652646,605,315,1,18,42,4913,19651
"{""allowed_even_counts"":[1,2,3,4],""max_consecutive_run"":3,""max_positional_repeats_vs_prev"":4,""min_unique_digits"":2,""sum_max"":29,""sum_min"":16}",moderate,66997.33245127475,66997,66998,0.6674978372601903,-0.002475487252557196,66997.33564013841,66997,66998,0.6645634032159576,-0.005409953185426475,1407,315,1,18,1,4913,19651
"{""allowed_even_counts"":[1,2,3,4],""max_consecutive_run"":3,""max_positional_repeats_vs_prev"":2,""min_unique_digits"":3,""sum_max"":32,""sum_min"":13}",moderate,81226.92717927841,81113,81696,0.8097806727393008,-0.002488599053483309,81227.79544066761,81115,81684,0.8068389985752086,-0.0054389558314675845,605,315,60,18,42,4913,19651
"{""allowed_even_counts"":[1,2,3,4],""max_consecutive_run"":3,""max_positional_repeats_vs_prev"":3,""min_unique_digits"":2,""sum_max"":32,""sum_min"":13}",moderate,82330.159126762,82322,82368,0.8197038318660628,-0.0035977594015571546,82330.24201099125,82322,82368,0.8178302462853654,-0.005472173824547122,605,315,1,18,2,4913,19651
"{""allowed_even_counts"":[1,2,3,4,5],""max_consecutive_run"":3,""max_positional_repeats_vs_prev"":3,""min_unique_digits"":4,""sum_max"":33,""sum_min"":12}",relaxed,74517.70591827387,74506,74552,0.7408783268027073,-0.0042987323800314226,74517.69835131285,74506,74552,0.7396702625686953,-0.005506720944433274,432,144,958,18,2,4913,19651
"{""allowed_even_counts"":[1,2,3,4],""max_consecutive_run"":3,""max_positional_repeats_vs_prev"":3,""min_unique_digits"":3,""sum_max"":32,""sum_min"":13}",moderate,81890.35916747239,81882,81928,0.8154292402422268,-0.0034743514324969693,81890.44494199063,81882,81928,0.8133523305515978,-0.00555211886830842,605,315,60,18,2,4913,19651
"{""allowed_even_counts"":[1,2,3,4],""max_consecutive_run"":3,""max_positional_repeats_vs_prev"":4,""min_unique_digits"":2,""sum_max"":32,""sum_min"":13}",moderate,82367.17983817618,82367,82368,0.8201109358302376,-0.003560862551524102,82367.18196621208,82367,82368,0.8180337879096276,-0.005638031752493333,605,315,1,18,1,4913,19651
"{""allowed_even_counts"":[1,2,3,4,5],""max_consecutive_run"":3,""max_positional_repeats_vs_prev"":4,""min_unique_digits"":4,""sum_max"":33,""sum_min"":12}",relaxed,74551.25871456924,74551,74552,0.7412854307668821,-0.004227156378810215,74551.2601261958,74551,74552,0.7398738041929575,-0.005638797069000612,432,144,958,18,1,4913,19651
"{""allowed_even_counts"":[0,1,2,3,4,5],""max_consecutive_run"":3,""max_positional_repeats_vs_prev"":3,""min_unique_digits"":4,""sum_max"":33,""sum_min"":12}",allow_all,75837.09312503181,75826,75872,0.7543127576204773,-0.004058173629840733,75837.09810706289,75826,75872,0.7526969265214737,-0.005674054549155261,432,0,958,18,2,4913,19651
"{""allowed_even_counts"":[1,2,3,4],""max_consecutive_run"":3,""max_positional_repeats_vs_prev"":3,""min_unique_digits"":3,""sum_max"":29,""sum_min"":16}",moderate,66657.38695231795,66642,66688,0.664444557528879,-0.0021293119943004424,66657.54345613677,66642,66688,0.6608996539792388,-0.00567578058212892,1407,315,60,18,2,4913,19651
"{""allowed_even_counts"":[1,2,3,4],""max_consecutive_run"":3,""max_positional_repeats_vs_prev"":3,""min_unique_digits"":2,""sum_max"":31,""sum_min"":14}",moderate,78078.12635489288,78068,78114,0.7786881074754466,-0.0020931560734822607,78078.23346224304,78068,78114,0.7750865051903114,-0.005695829432118993,822,315,1,18,2,4913,19651
"{""allowed_even_counts"":[1,2,3,4],""max_consecutive_run"":3,""max_positional_repeats_vs_prev"":4,""min_unique_digits"":3,""sum_max"":32,""sum_min"":13}",moderate,81927.1841127678,81927,81928,0.8158363442064017,-0.0034354969212763153,81927.18644412783,81927,81928,0.81355587217586,-0.0057159922654183015,605,315,60,18,1,4913,19651
"{""allowed_even_counts"":[1,2,3,4],""max_consecutive_run"":3,""max_positional_repeats_vs_prev"":4,""min_unique_digits"":3,""sum_max"":29,""sum_min"":16}",moderate,66687.33519922651,66687,66688,0.6647498855020101,-0.002123466490254966,66687.33910034603,66687,66688,0.661103195603501,-0.005770195399959377,1407,315,60,18,1,4913,19651
"{""allowed_even_counts"":[1,2,3,4,5],""max_consecutive_run"":3,""max_positional_repeats_vs_prev"":2,""min_unique_digits"":4,""sum_max"":33,""sum_min"":12}",relaxed,73914.01669126253,73797,74552,0.7358404152460435,-0.003299751666581807,73913.65397923875,73798,74552,0.7333604722165683,-0.005776067575819166,432,144,958,18,42,4913,19651
"{""allowed_even_counts"":[1,2,3,4],""max_consecutive_run"":3,""max_positional_repeats_vs_prev"":2,""min_unique_digits"":2,""sum_max"":29,""sum_min"":16}",moderate,66424.95313215612,66258,66918,0.6628161416721795,-0.0014333896493816667,66426.30164868715,66259,66906,0.6584571544880928,-0.005805861998778639,1407,315,1,18,42,4913,19651
"{""allowed_even_counts"":[0,1,2,3,4,5],""max_consecutive_run"":3,""max_positional_repeats_vs_prev"":4,""min_unique_digits"":4,""sum_max"":33,""sum_min"":12}",allow_all,75871.24522925042,75871,75872,0.754770749580174,-0.003941702712330186,75871.24709953186,75871,75872,0.7529004681457359,-0.00581200284958272,432,0,958,18,1,4913,19651
"{""allowed_even_counts"":[0,1,2,3,4,5],""max_consecutive_run"":3,""max_positional_repeats_vs_prev"":3,""min_unique_digits"":4,""sum_max"":30,""sum_min"":15}",allow_all,65817.73411022339,65802,65848,0.6553864943259885,-0.0027908467762454148,65817.79116629351,65802,65848,0.6523509057602279,-0.0058270059027071275,1091,0,958,18,2,4913,19651
"{""allowed_even_counts"":[1,2,3,4,5],""max_consecutive_run"":3,""max_positional_repeats_vs_prev"":3,""min_unique_digits"":4,""sum_max"":30,""sum_min"":15}",relaxed,64678.26390514478,64662,64708,0.6439875833290927,-0.0027950557223550554,64678.31202930999,64662,64708,0.6409525748015469,-0.005830545491553041,1091,144,958,18,2,4913,19651
"{""allowed_even_counts"":[1,2,3,4],""max_consecutive_run"":3,""max_positional_repeats_vs_prev"":4,""min_unique_digits"":2,""sum_max"":31,""sum_min"":14}",moderate,78113.22090478856,78113,78114,0.7789934354485777,-0.0021387735993079193,78113.2249134948,78113,78114,0.7752900468145736,-0.005842202320374468,822,315,1,18,1,4913,19651
"{""allowed_even_counts"":[1,2,3,4],""max_consecutive_run"":3,""max_positional_repeats_vs_prev"":2,""min_unique_digits"":2,""sum_max"":31,""sum_min"":14}",moderate,77445.67635234848,77296,77940,0.773548419927739,-0.0009083435957457642,77446.796865459,77297,77934,0.7685731732139223,-0.005894795440667622,822,315,1,18,42,4913,19651
"{""allowed_even_counts"":[1,2,3,4,5],""max_consecutive_run"":3,""max_positional_repeats_vs_prev"":4,""min_unique_digits"":4,""sum_max"":30,""sum_min"":15}",relaxed,64707.3557070887,64707,64708,0.644242023306702,-0.0028315337641849903,64707.3590474252,64707,64708,0.641156116425809,-0.0059174740484428945,1091,144,958,18,1,4913,19651
"{""allowed_even_counts"":[0,1,2,3,4,5],""max_consecutive_run"":3,""max_positional_repeats_vs_prev"":4,""min_unique_digits"":4,""sum_max"":30,""sum_min"":15}",allow_all,65847.3442572897,65847,65848,0.6556918222991196,-0.0027816202737774853,65847.34764909424,65847,65848,0.6525544473844901,-0.005919029106452367,1091,0,958,18,1,4913,19651
"{""allowed_even_counts"":[0,1,2,3,4,5],""max_consecutive_run"":3,""max_positional_repeats_vs_prev"":2,""min_unique_digits"":4,""sum_max"":33,""sum_min"":12}",allow_all,75222.58826522823,75117,75872,0.7489186300951606,-0.0033072525571217204,75222.46387136169,75117,75872,0.7461835945450844,-0.006041044168532461,432,0,958,18,42,4913,19651
"{""allowed_even_counts"":[1,2,3,4],""max_consecutive_run"":3,""max_positional_repeats_vs_prev"":3,""min_unique_digits"":3,""sum_max"":31,""sum_min"":14}",moderate,77668.31229962852,77658,77704,0.7747697318202637,-0.0019133911760216282,77668.42295949522,77658,77704,0.7706085894565439,-0.006075640138408334,822,315,60,18,2,4913,19651
"{""allowed_even_counts"":[1,2,3,4,5],""max_consecutive_run"":3,""max_positional_repeats_vs_prev"":2,""min_unique_digits"":4,""sum_max"":30,""sum_min"":15}",relaxed,64154.4158566994,64021,64708,0.6397638797007786,-0.0017802788662153457,64154.69020964787,64022,64708,0.6354569509464686,-0.006089951150010098,1091,144,958,18,42,4913,19651
"{""allowed_even_counts"":[1,2,3,4],""max_consecutive_run"":3,""max_positional_repeats_vs_prev"":3,""min_unique_digits"":4,""sum_max"":37,""sum_min"":8}",moderate,77352.3737723271,77342,77388,0.7713602361202992,-0.00216350160297174,77352.3657642988,77342,77388,0.7673519234683492,-0.006171734174638677,79,315,958,18,2,4913,19651
"{""allowed_even_counts"":[1,2,3,4],""max_consecutive_run"":3,""max_positional_repeats_vs_prev"":2,""min_unique_digits"":3,""sum_max"":29,""sum_min"":16}",moderate,66117.57462724543,65968,66612,0.6600681899139993,-0.001107556358454942,66118.88479544067,65970,66600,0.654996946875636,-0.006191901078770656,1407,315,60,18,42,4913,19651
"{""allowed_even_counts"":[0,1,2,3,4,5],""max_consecutive_run"":3,""max_positional_repeats_vs_prev"":2,""min_unique_digits"":4,""sum_max"":30,""sum_min"":15}",allow_all,65284.56816447,65161,65848,0.6508065747290214,-0.0020391069156786568,65284.998168125385,65161,65848,0.6466517402808875,-0.0061982414003664,1091,0,958,18,42,4913,19651
"{""allowed_even_counts"":[1,2,3,4],""max_consecutive_run"":3,""max_positional_repeats_vs_prev"":4,""min_unique_digits"":3,""sum_max"":31,""sum_min"":14}",moderate,77703.22482316422,77703,77704,0.7750750597933947,-0.001957188438247437,77703.22939141054,77703,77704,0.770812131080806,-0.006220162833299403,822,315,60,18,1,4913,19651
"{""allowed_even_counts"":[1,2,3,4],""max_consecutive_run"":3,""max_positional_repeats_vs_prev"":2,""min_unique_digits"":3,""sum_max"":31,""sum_min"":14}",moderate,77039.14828761895,76905,77538,0.7696300442725561,-0.0007614386036334242,77040.22878078568,76907,77532,0.7640952574801547,-0.006307030327702079,822,315,60,18,42,4913,19651
"{""allowed_even_counts"":[1,2,3,4],""max_consecutive_run"":3,""max_positional_repeats_vs_prev"":4,""min_unique_digits"":4,""sum_max"":37,""sum_min"":8}",moderate,77387.22823265991,77387,77388,0.7717673400844741,-0.0021049422421249853,77387.23224099328,77387,77388,0.7675554650926114,-0.006316857317321456,79,315,958,18,1,4913,19651
"{""allowed_even_counts"":[1,2,3,4],""max_consecutive_run"":3,""max_positional_repeats_vs_prev"":2,""min_unique_digits"":4,""sum_max"":37,""sum_min"":8}",moderate,76725.49152714874,76638,77388,0.7660169965905043,-0.0012379186809831078,76725.2163647466,76638,77388,0.7608385914919601,-0.0064135721555058645,79,315,958,18,42,4913,19651
"{""allowed_even_counts"":[1,2,3,4],""max_consecutive_run"":3,""max_positional_repeats_vs_prev"":3,""min_unique_digits"":4,""sum_max"":29,""sum_min"":16}",moderate,58401.150374026765,58383,58428,0.5815480128237749,-0.002463490916492783,58401.24445349074,58383,58428,0.5774475880317524,-0.00656485650315497,1407,315,958,18,2,4913,19651
"{""allowed_even_counts"":[1,2,3,4],""max_consecutive_run"":3,""max_positional_repeats_vs_prev"":4,""min_unique_digits"":4,""sum_max"":29,""sum_min"":16}",moderate,58427.418146659205,58427,58428,0.5818024528013842,-0.0024717286652078396,58427.42255241197,58427,58428,0.5776511296560146,-0.006623095868105056,1407,315,958,18,1,4913,19651
"{""allowed_even_counts"":[0,1,2,3,4,5],""max_consecutive_run"":3,""max_positional_repeats_vs_prev"":3,""min_unique_digits"":4,""sum_max"":31,""sum_min"":14}",allow_all,69991.80387766525,69978,70024,0.6976235306091293,-0.0022945081675231904,69991.85345003052,69978,70024,0.6932627722369225,-0.006655762263382825,822,0,958,18,2,4913,19651
"{""allowed_even_counts"":[1,2,3,4],""max_consecutive_run"":3,""max_positional_repeats_vs_prev"":2,""min_unique_digits"":2,""sum_max"":30,""sum_min"":15}",moderate,72601.57676454124,72438,73102,0.723576408325276,-0.0024393593201363917,72602.80643191532,72439,73084,0.7193161001424792,-0.006711964176674079,1091,315,1,18,42,4913,19651
"{""allowed_even_counts"":[1,2,3,4],""max_consecutive_run"":3,""max_positional_repeats_vs_prev"":3,""min_unique_digits"":2,""sum_max"":30,""sum_min"":15}",moderate,73194.37763981477,73182,73228,0.7285125438908961,-0.003431232507251636,73194.50010177081,73182,73228,0.7252188072460818,-0.00672619377162631,1091,315,1,18,2,4913,19651
"{""allowed_even_counts"":[0,1,2,3,4,5],""max_consecutive_run"":3,""max_positional_repeats_vs_prev"":4,""min_unique_digits"":4,""sum_max"":31,""sum_min"":14}",allow_all,70023.30202025342,70023,70024,0.6979288585822604,-0.0023041616202738036,70023.30673722776,70023,70024,0.6934663138611846,-0.0067667535110929045,822,0,958,18,1,4913,19651
"{""allowed_even_counts"":[1,2,3,4],""max_consecutive_run"":3,""max_positional_repeats_vs_prev"":4,""min_unique_digits"":2,""sum_max"":30,""sum_min"":15}",moderate,73227.27108035215,73227,73228,0.7288178718640272,-0.003454838939494276,73227.27478119275,73227,73228,0.725422348870344,-0.006850398941583569,1091,315,1,18,1,4913,19651
"{""allowed_even_counts"":[1,2,3,4,5],""max_consecutive_run"":3,""max_positional_repeats_vs_prev"":3,""min_unique_digits"":4,""sum_max"":31,""sum_min"":14}",relaxed,68732.38908961376,68718,68764,0.684647091751056,-0.0026767991450815654,68732.42418074496,68718,68764,0.6802361082841442,-0.0070881335233053955,822,144,958,18,2,4913,19651
"{""allowed_even_counts"":[1,2,3,4],""max_consecutive_run"":3,""max_positional_repeats_vs_prev"":2,""min_unique_digits"":4,""sum_max"":29,""sum_min"":16}",moderate,57928.08554272047,57794,58428,0.5778331891506794,-0.0014476662765253723,57928.844697740686,57794,58428,0.5721555058009363,-0.007132941176470564,1407,315,958,18,42,4913,19651
"{""allowed_even_counts"":[1,2,3,4],""max_consecutive_run"":3,""max_positional_repeats_vs_prev"":3,""min_unique_digits"":4,""sum_max"":35,""sum_min"":10}",moderate,76048.97475955421,76038,76084,0.757264261360745,-0.003225486234797126,76048.97883167108,76038,76084,0.7533075513942601,-0.00718223692245068,207,315,958,18,2,4913,19651
"{""allowed_even_counts"":[1,2,3,4,5],""max_consecutive_run"":3,""max_positional_repeats_vs_prev"":4,""min_unique_digits"":4,""sum_max"":31,""sum_min"":14}",relaxed,68763.31504758027,68763,68764,0.6849015317286652,-0.0027316187471374542,68763.31976389172,68763,68764,0.6804396499084062,-0.007193547730510952,822,144,958,18,1,4913,19651
"{""allowed_even_counts"":[1,2,3,4],""max_consecutive_run"":3,""max_positional_repeats_vs_prev"":3,""min_unique_digits"":3,""sum_max"":30,""sum_min"":15}",moderate,72834.54032873645,72822,72868,0.7252557121774973,-0.003089691109867121,72834.66822715245,72822,72868,0.7211479747608386,-0.007198707510685853,1091,315,60,18,2,4913,19651
"{""allowed_even_counts"":[1,2,3,4],""max_consecutive_run"":3,""max_positional_repeats_vs_prev"":2,""min_unique_digits"":3,""sum_max"":30,""sum_min"":15}",moderate,72244.6273980968,72099,72746,0.7203195766118773,-0.0021266973690906577,72245.80419295745,72101,72728,0.715245267657236,-0.0072127742723385735,1091,315,60,18,42,4913,19651
"{""allowed_even_counts"":[0,1,2,3,4,5],""max_consecutive_run"":3,""max_positional_repeats_vs_prev"":2,""min_unique_digits"":4,""sum_max"":31,""sum_min"":14}",allow_all,69424.76118263701,69306,70024,0.692789171034553,-0.0014584407918171172,69425.02035416242,69306,70024,0.6869529818847955,-0.0072972216568287784,822,0,958,18,42,4913,19651
"{""allowed_even_counts"":[1,2,3,4],""max_consecutive_run"":3,""max_positional_repeats_vs_prev"":4,""min_unique_digits"":3,""sum_max"":30,""sum_min"":15}",moderate,72867.27433718386,72867,72868,0.7255610401506285,-0.003111703221210127,72867.27885202524,72867,72868,0.7213515163851008,-0.007321272135151657,1091,315,60,18,1,4913,19651
"{""allowed_even_counts"":[1,2,3,4],""max_consecutive_run"":3,""max_positional_repeats_vs_prev"":4,""min_unique_digits"":4,""sum_max"":35,""sum_min"":10}",moderate,76083.24232863467,76083,76084,0.7576713653249199,-0.0031610579614268497,76083.24628536536,76083,76084,0.7535110930185223,-0.0073213698351313194,207,315,958,18,1,4913,19651
"{""allowed_even_counts"":[2,3],""max_consecutive_run"":3,""max_positional_repeats_vs_prev"":3,""min_unique_digits"":4,""sum_max"":28,""sum_min"":17}",balanced_only,35867.49636150832,35851,35884,0.3591165843977406,0.0004416207826574148,35867.64909423977,35851,35884,0.35131284347649094,-0.007363647465906786,1817,1848,958,18,2,4913,19651
"{""allowed_even_counts"":[0,1,2,3,4,5],""max_consecutive_run"":3,""max_positional_repeats_vs_prev"":3,""min_unique_digits"":4,""sum_max"":32,""sum_min"":13}",allow_all,73334.2590198972,73322,73368,0.7301409597475955,-0.003201630451376558,73334.28719723184,73322,73368,0.7258294321188683,-0.007513439853450099,605,0,958,18,2,4913,19651
"{""allowed_even_counts"":[2,3],""max_consecutive_run"":3,""max_positional_repeats_vs_prev"":4,""min_unique_digits"":4,""sum_max"":28,""sum_min"":17}",balanced_only,35883.64067986362,35883,35884,0.359320136379828,0.0004837295811918052,35883.64868715652,35883,35884,0.35131284347649094,-0.007523643395074275,1817,1848,958,18,1,4913,19651
"{""allowed_even_counts"":[1,2,3,4],""max_consecutive_run"":3,""max_positional_repeats_vs_prev"":2,""min_unique_digits"":4,""sum_max"":35,""sum_min"":10}",moderate,75432.69538445881,75335,76084,0.7521245738130375,-0.0022023800315505992,75432.53327905557,75335,76084,0.7467942194178709,-0.00753111337268475,207,315,958,18,42,4913,19651
"{""allowed_even_counts"":[1,2,3,4,5],""max_consecutive_run"":3,""max_positional_repeats_vs_prev"":2,""min_unique_digits"":4,""sum_max"":31,""sum_min"":14}",relaxed,68175.66419011755,68046,68764,0.6801689481451325,-0.0015876937560429516,68175.69651943822,68047,68764,0.6741298595562792,-0.007627105638102982,822,144,958,18,42,4913,19651
"{""allowed_even_counts"":[0,1,2,3,4,5],""max_consecutive_run"":3,""max_positional_repeats_vs_prev"":4,""min_unique_digits"":4,""sum_max"":32,""sum_min"":13}",allow_all,73367.26945193628,73367,73368,0.7305480637117704,-0.00312463080759251,73367.27396702625,73367,73368,0.7260329737431305,-0.007639765927132003,605,0,958,18,1,4913,19651
"{""allowed_even_counts"":[2,3],""max_consecutive_run"":3,""max_positional_repeats_vs_prev"":3,""min_unique_digits"":2,""sum_max"":28,""sum_min"":17}",balanced_only,39985.63426797619,39968,40004,0.3994707648465727,-0.00038557783318921013,39985.778139629554,39968,40004,0.39202116832892325,-0.007836613067372267,1817,1848,1,18,2,4913,19651
"{""allowed_even_counts"":[0,1,2,3,4,5],""max_consecutive_run"":3,""max_positional_repeats_vs_prev"":2,""min_unique_digits"":4,""sum_max"":32,""sum_min"":13}",allow_all,72740.06722304209,72627,73368,0.7249503842043662,-0.0024502880260547366,72740.16893954814,72627,73368,0.7195196417667413,-0.007882047628740008,605,0,958,18,42,4913,19651
"{""allowed_even_counts"":[1,2,3,4,5],""max_consecutive_run"":3,""max_positional_repeats_vs_prev"":3,""min_unique_digits"":4,""sum_max"":32,""sum_min"":13}",relaxed,72074.84423184571,72062,72108,0.7171645208895222,-0.003583921428934933,72074.85792794627,72062,72108,0.71280276816609,-0.00794581111337267,605,144,958,18,2,4913,19651
"{""allowed_even_counts"":[2,3],""max_consecutive_run"":3,""max_positional_repeats_vs_prev"":4,""min_unique_digits"":2,""sum_max"":28,""sum_min"":17}",balanced_only,40003.60032568317,40003,40004,0.3996743168286601,-0.0003616864281715815,40003.60797883167,40003,40004,0.39202116832892325,-0.008014911459393481,1817,1848,1,18,1,4913,19651
"{""allowed_even_counts"":[1,2,3,4,5],""max_consecutive_run"":3,""max_positional_repeats_vs_prev"":4,""min_unique_digits"":4,""sum_max"":32,""sum_min"":13}",relaxed,72107.28247926314,72107,72108,0.7175207368581752,-0.0035520879344562717,72107.28699369021,72107,72108,0.7130063097903522,-0.00806656014654994,605,144,958,18,1,4913,19651
"{""allowed_even_counts"":[1,2,3,4,5],""max_consecutive_run"":3,""max_positional_repeats_vs_prev"":2,""min_unique_digits"":4,""sum_max"":32,""sum_min"":13}",relaxed,71490.97023052262,71367,72108,0.7123301613149458,-0.00257954099028046,71490.84510482394,71368,72108,0.7066965194382251,-0.008211931610014322,605,144,958,18,42,4913,19651
"{""allowed_even_counts"":[2,3],""max_consecutive_run"":3,""max_positional_repeats_vs_prev"":3,""min_unique_digits"":3,""sum_max"":28,""sum_min"":17}",balanced_only,39785.72393262429,39769,39804,0.39763879700778587,-0.0002184423184570794,39785.87095461022,39769,39804,0.3895786688377773,-0.008280040708324887,1817,1848,60,18,2,4913,19651
"{""allowed_even_counts"":[2,3],""max_consecutive_run"":3,""max_positional_repeats_vs_prev"":4,""min_unique_digits"":3,""sum_max"":28,""sum_min"":17}",balanced_only,39803.60215765101,39803,39804,0.3978423489898733,-0.00019367258663677278,39803.61042133116,39803,39804,0.3895786688377773,-0.008457435375534339,1817,1848,60,18,1,4913,19651
"{""allowed_even_counts"":[0,1,2,3,4,5],""max_consecutive_run"":3,""max_positional_repeats_vs_prev"":3,""min_unique_digits"":3,""sum_max"":28,""sum_min"":17}",allow_all,63254.954506132,63239,63284,0.6290774006411888,-0.003472144420131218,63255.08446977407,63239,63284,0.6240586199877876,-0.008492224709953144,1817,0,60,18,2,4913,19651
"{""allowed_even_counts"":[0,1,2,3,4,5],""max_consecutive_run"":3,""max_positional_repeats_vs_prev"":4,""min_unique_digits"":3,""sum_max"":28,""sum_min"":17}",allow_all,63283.37051549539,63283,63284,0.6294336166098418,-0.003400088545112201,63283.375941380014,63283,63284,0.6242621616120496,-0.008571597801750541,1817,0,60,18,1,4913,19651
"{""allowed_even_counts"":[2,3],""max_consecutive_run"":3,""max_positional_repeats_vs_prev"":2,""min_unique_digits"":4,""sum_max"":28,""sum_min"":17}",balanced_only,35576.99114548878,35466,35884,0.35667396061269147,0.0009040491578036769,35577.905760227964,35466,35884,0.34703846936698557,-0.008740588235294056,1817,1848,958,18,42,4913,19651
"{""allowed_even_counts"":[1,2,3,4],""max_consecutive_run"":3,""max_positional_repeats_vs_prev"":3,""min_unique_digits"":4,""sum_max"":33,""sum_min"":12}",moderate,73198.30369955728,73186,73232,0.7282581039132868,-0.0037249330822859417,73198.33340118054,73186,73232,0.7231833910034602,-0.00879994300834519,432,315,958,18,2,4913,19651
"{""allowed_even_counts"":[1,2,3,4],""max_consecutive_run"":3,""max_positional_repeats_vs_prev"":4,""min_unique_digits"":4,""sum_max"":33,""sum_min"":12}",moderate,73231.27133479212,73231,73232,0.7286652078774617,-0.0036475054704595555,73231.27661306737,73231,73232,0.7233869326277224,-0.008925833502951397,432,315,958,18,1,4913,19651
"{""allowed_even_counts"":[1,2,3,4],""max_consecutive_run"":3,""max_positional_repeats_vs_prev"":2,""min_unique_digits"":4,""sum_max"":33,""sum_min"":12}",moderate,72605.16080606585,72493,73232,0.7233219683476668,-0.0027296397129916716,72605.27905556686,72493,73232,0.7170771422755954,-0.008975648280073245,432,315,958,18,42,4913,19651
"{""allowed_even_counts"":[0,1,2,3,4,5],""max_consecutive_run"":3,""max_positional_repeats_vs_prev"":3,""min_unique_digits"":4,""sum_max"":28,""sum_min"":17}",allow_all,54458.96386952318,54442,54484,0.5405322884331586,-0.004057350262073212,54459.0537349888,54442,54484,0.5355180134337472,-0.009072523916140884,1817,0,958,18,2,4913,19651
"{""allowed_even_counts"":[2,3],""max_consecutive_run"":3,""max_positional_repeats_vs_prev"":2,""min_unique_digits"":2,""sum_max"":28,""sum_min"":17}",balanced_only,39661.89003104168,39532,39982,0.3968245890794362,0.00020568876901938538,39663.07510685935,39533,39982,0.3875432525951557,-0.009087498473437816,1817,1848,1,18,42,4913,19651
"{""allowed_even_counts"":[0,1,2,3,4,5],""max_consecutive_run"":3,""max_positional_repeats_vs_prev"":4,""min_unique_digits"":4,""sum_max"":28,""sum_min"":17}",allow_all,54483.4591114956,54483,54484,0.5408376164062898,-0.003996974708666223,54483.464481986564,54483,54484,0.5357215550580093,-0.009113089761856319,1817,0,958,18,1,4913,19651
"{""allowed_even_counts"":[1,2,3,4,5],""max_consecutive_run"":3,""max_positional_repeats_vs_prev"":3,""min_unique_digits"":4,""sum_max"":28,""sum_min"":17}",relaxed,53499.410615235865,53482,53524,0.5309653452750496,-0.004028760877309079,53499.49704864645,53482,53524,0.5257480154691635,-0.009246955017300995,1817,144,958,18,2,4913,19651
"{""allowed_even_counts"":[1,2,3,4,5],""max_consecutive_run"":3,""max_positional_repeats_vs_prev"":4,""min_unique_digits"":4,""sum_max"":28,""sum_min"":17}",relaxed,53523.46872932675,53523,53524,0.5312197852526589,-0.0040149020406086144,53523.47425198453,53523,53524,0.5259515570934256,-0.009283185426419704,1817,144,958,18,1,4913,19651
"{""allowed_even_counts"":[0,1,2,3,4,5],""max_consecutive_run"":3,""max_positional_repeats_vs_prev"":2,""min_unique_digits"":3,""sum_max"":28,""sum_min"":17}",allow_all,62742.806574729024,62612,63240,0.6248536970128746,-0.002574368734415633,62743.964787299,62614,63216,0.6179523712599226,-0.009487276613067364,1817,0,60,18,42,4913,19651
"{""allowed_even_counts"":[1,2,3,4,5],""max_consecutive_run"":3,""max_positional_repeats_vs_prev"":3,""min_unique_digits"":3,""sum_max"":28,""sum_min"":17}",relaxed,61505.77130934812,61489,61534,0.611266602208539,-0.003791110884942217,61505.88601669041,61489,61534,0.6055363321799307,-0.009522527986973395,1817,144,60,18,2,4913,19651
"{""allowed_even_counts"":[2,3],""max_consecutive_run"":3,""max_positional_repeats_vs_prev"":2,""min_unique_digits"":3,""sum_max"":28,""sum_min"":17}",balanced_only,39463.58215866877,39344,39786,0.3949926212406493,0.00035679965396162583,39464.747608385915,39345,39786,0.38510075310400976,-0.009546722979849376,1817,1848,60,18,42,4913,19651
"{""allowed_even_counts"":[1,2,3,4,5],""max_consecutive_run"":3,""max_positional_repeats_vs_prev"":4,""min_unique_digits"":3,""sum_max"":28,""sum_min"":17}",relaxed,61533.38837718182,61533,61534,0.6115719301816701,-0.0037619535901480816,61533.39446366782,61533,61534,0.6057398738041929,-0.009594070832485313,1817,144,60,18,1,4913,19651
"{""allowed_even_counts"":[0,1,2,3,4,5],""max_consecutive_run"":3,""max_positional_repeats_vs_prev"":3,""min_unique_digits"":2,""sum_max"":28,""sum_min"":17}",allow_all,63774.71431479314,63758,63804,0.6340135362068088,-0.00373360694112268,63774.841644616325,63758,63804,0.6281294524730308,-0.009618963973132444,1817,0,1,18,2,4913,19651
"{""allowed_even_counts"":[1,2,3,4,5],""max_consecutive_run"":3,""max_positional_repeats_vs_prev"":3,""min_unique_digits"":2,""sum_max"":28,""sum_min"":17}",relaxed,61905.58928298814,61888,61934,0.6149305378861126,-0.004125354943768755,61905.69489110523,61888,61934,0.6094036230409119,-0.00965332587014045,1817,144,1,18,2,4913,19651
"{""allowed_even_counts"":[0,1,2,3,4,5],""max_consecutive_run"":3,""max_positional_repeats_vs_prev"":4,""min_unique_digits"":2,""sum_max"":28,""sum_min"":17}",allow_all,63803.36557935983,63803,63804,0.6343697521754618,-0.0036639036181365103,63803.371870547526,63803,63804,0.6283329940972929,-0.009700724608182276,1817,0,1,18,1,4913,19651
"{""allowed_even_counts"":[1,2,3,4,5],""max_consecutive_run"":3,""max_positional_repeats_vs_prev"":4,""min_unique_digits"":2,""sum_max"":28,""sum_min"":17}",relaxed,61933.384713246145,61933,61934,0.6152358658592438,-0.004097981273217588,61933.39059637696,61933,61934,0.6096071646651741,-0.00972674129859552,1817,144,1,18,1,4913,19651
"{""allowed_even_counts"":[1,2,3,4],""max_consecutive_run"":3,""max_positional_repeats_vs_prev"":3,""min_unique_digits"":4,""sum_max"":30,""sum_min"":15}",moderate,63538.78102895527,63522,63568,0.6327413363187624,-0.0026464739707903195,63538.85711377977,63522,63568,0.6254834113576226,-0.009905159780175032,1091,315,958,18,2,4913,19651
"{""allowed_even_counts"":[1,2,3,4],""max_consecutive_run"":3,""max_positional_repeats_vs_prev"":4,""min_unique_digits"":4,""sum_max"":30,""sum_min"":15}",moderate,63567.36695333571,63567,63568,0.6329957762963717,-0.002677893236985418,63567.37451658864,63567,63568,0.6256869529818848,-0.00998679218400167,1091,315,958,18,1,4913,19651
"{""allowed_even_counts"":[1,2,3,4],""max_consecutive_run"":3,""max_positional_repeats_vs_prev"":2,""min_unique_digits"":4,""sum_max"":30,""sum_min"":15}",moderate,63024.04269502824,62894,63568,0.6285685206859701,-0.0016719062643122395,63024.70099735396,62894,63568,0.6201913291268064,-0.01005568084673325,1091,315,958,18,42,4913,19651
"{""allowed_even_counts"":[0,1,2,3,4,5],""max_consecutive_run"":3,""max_positional_repeats_vs_prev"":2,""min_unique_digits"":4,""sum_max"":28,""sum_min"":17}",allow_all,54017.90896137601,53893,54484,0.536868352755585,-0.0033107368581750674,54018.58314675351,53893,54484,0.5300223895786689,-0.010163441888866198,1817,0,958,18,42,4913,19651
"{""allowed_even_counts"":[1,2,3,4,5],""max_consecutive_run"":3,""max_positional_repeats_vs_prev"":2,""min_unique_digits"":4,""sum_max"":28,""sum_min"":17}",relaxed,53066.193781486945,52933,53524,0.5275558495750853,-0.0031060882397841993,53066.7667412986,52935,53524,0.5204559332383473,-0.01021173417463872,1817,144,958,18,42,4913,19651
"{""allowed_even_counts"":[1,2,3,4],""max_consecutive_run"":3,""max_positional_repeats_vs_prev"":3,""min_unique_digits"":4,""sum_max"":31,""sum_min"":14}",moderate,67472.9603073635,67458,67504,0.672230420843723,-0.002499182229911967,67473.02869936902,67458,67504,0.6643598615916955,-0.010370425401994732,822,315,958,18,2,4913,19651
"{""allowed_even_counts"":[1,2,3,4,5],""max_consecutive_run"":3,""max_positional_repeats_vs_prev"":2,""min_unique_digits"":3,""sum_max"":28,""sum_min"":17}",relaxed,61007.89690092107,60863,61490,0.6072973385578342,-0.002781630451376471,61008.72542234887,60864,61466,0.5996336250763281,-0.010453629147160637,1817,144,60,18,42,4913,19651
"{""allowed_even_counts"":[1,2,3,4],""max_consecutive_run"":3,""max_positional_repeats_vs_prev"":4,""min_unique_digits"":4,""sum_max"":31,""sum_min"":14}",moderate,67503.32746425118,67503,67504,0.6724848608213323,-0.0025484138211795404,67503.33564013841,67503,67504,0.6645634032159576,-0.010469953185426428,822,315,958,18,1,4913,19651
"{""allowed_even_counts"":[1,2,3,4,5],""max_consecutive_run"":3,""max_positional_repeats_vs_prev"":2,""min_unique_digits"":2,""sum_max"":28,""sum_min"":17}",relaxed,61404.51284921887,61244,61886,0.6109612742354079,-0.003083854256780705,61405.353144718094,61244,61862,0.6035009159373091,-0.010552615509871743,1817,144,1,18,42,4913,19651
"{""allowed_even_counts"":[0,1,2,3,4,5],""max_consecutive_run"":3,""max_positional_repeats_vs_prev"":2,""min_unique_digits"":2,""sum_max"":28,""sum_min"":17}",allow_all,63258.39356775737,63113,63756,0.6297898325784947,-0.002794103099078904,63259.61001424791,63114,63732,0.6220232037451658,-0.010572896397313292,1817,0,1,18,42,4913,19651
"{""allowed_even_counts"":[1,2,3,4],""max_consecutive_run"":3,""max_positional_repeats_vs_prev"":2,""min_unique_digits"":4,""sum_max"":31,""sum_min"":14}",moderate,66926.29560836598,66801,67504,0.6678540532288433,-0.0014089028548165405,66926.78180337879,66801,67504,0.6584571544880928,-0.010810663545695043,822,315,958,18,42,4913,19651
"{""allowed_even_counts"":[1,2,3,4],""max_consecutive_run"":3,""max_positional_repeats_vs_prev"":3,""min_unique_digits"":4,""sum_max"":32,""sum_min"":13}",moderate,70815.41544959544,70802,70848,0.7047478499821892,-0.0034063045137652237,70815.46244657032,70802,70848,0.6969265214736413,-0.011228102992061895,605,315,958,18,2,4913,19651
"{""allowed_even_counts"":[1,2,3,4],""max_consecutive_run"":3,""max_positional_repeats_vs_prev"":4,""min_unique_digits"":4,""sum_max"":32,""sum_min"":13}",moderate,70847.29489593404,70847,70848,0.7051040659508422,-0.003368883008498247,70847.3028699369,70847,70848,0.6971300630979035,-0.011342965601465527,605,315,958,18,1,4913,19651
"{""allowed_even_counts"":[1,2,3,4],""max_consecutive_run"":3,""max_positional_repeats_vs_prev"":2,""min_unique_digits"":4,""sum_max"":32,""sum_min"":13}",moderate,70241.60164877106,70122,70848,0.7000152663986565,-0.002400750089054049,70241.93038876451,70122,70848,0.6910238143700387,-0.011395489517606383,605,315,958,18,42,4913,19651
"{""allowed_even_counts"":[1,2,3,4],""max_consecutive_run"":3,""max_positional_repeats_vs_prev"":3,""min_unique_digits"":2,""sum_max"":28,""sum_min"":17}",moderate,60036.44140247316,60018,60064,0.597781283395247,-0.0025831306294845646,60036.58762466924,60018,60064,0.5888459189904336,-0.011519957256258873,1817,315,1,18,2,4913,19651
"{""allowed_even_counts"":[1,2,3,4],""max_consecutive_run"":3,""max_positional_repeats_vs_prev"":3,""min_unique_digits"":3,""sum_max"":28,""sum_min"":17}",moderate,59756.567910030026,59739,59784,0.5951859956236324,-0.0023796834766678376,59756.72074089151,59739,59784,0.5859963362507633,-0.011570871158151808,1817,315,60,18,2,4913,19651
"{""allowed_even_counts"":[1,2,3,4],""max_consecutive_run"":3,""max_positional_repeats_vs_prev"":4,""min_unique_digits"":2,""sum_max"":28,""sum_min"":17}",moderate,60063.401862500636,60063,60064,0.5980866113683782,-0.0025474072566281647,60063.41115408101,60063,60064,0.5890494606146957,-0.011584650926114493,1817,315,1,18,1,4913,19651
"{""allowed_even_counts"":[1,2,3,4],""max_consecutive_run"":3,""max_positional_repeats_vs_prev"":4,""min_unique_digits"":3,""sum_max"":28,""sum_min"":17}",moderate,59783.404457788405,59783,59784,0.5954913235967635,-0.0023427209811205385,59783.41400366375,59783,59784,0.5861998778750255,-0.011634262161612008,1817,315,60,18,1,4913,19651
"{""allowed_even_counts"":[1,2,3,4],""max_consecutive_run"":3,""max_positional_repeats_vs_prev"":2,""min_unique_digits"":2,""sum_max"":28,""sum_min"":17}",moderate,59550.342679761845,59391,60016,0.5938629077400641,-0.0016405190575543571,59551.65825361286,59392,59998,0.583146753511093,-0.012369829025035584,1817,315,1,18,42,4913,19651
"{""allowed_even_counts"":[1,2,3,4],""max_consecutive_run"":3,""max_positional_repeats_vs_prev"":2,""min_unique_digits"":3,""sum_max"":28,""sum_min"":17}",moderate,59272.7090733296,59129,59740,0.5912676199684495,-0.0014594707648465377,59273.99084062691,59131,59722,0.5802971707714227,-0.01244273763484638,1817,315,60,18,42,4913,19651
"{""allowed_even_counts"":[1,2,3,4],""max_consecutive_run"":3,""max_positional_repeats_vs_prev"":3,""min_unique_digits"":4,""sum_max"":28,""sum_min"":17}",moderate,52539.84718334945,52522,52564,0.5220090580632029,-0.0033894137702916716,52539.95827396703,52522,52564,0.5129248931406473,-0.012474689599022981,1817,315,958,18,2,4913,19651
"{""allowed_even_counts"":[1,2,3,4],""max_consecutive_run"":3,""max_positional_repeats_vs_prev"":4,""min_unique_digits"":4,""sum_max"":28,""sum_min"":17}",moderate,52563.477685613965,52563,52564,0.5222634980408122,-0.0033712788153275053,52563.48707510686,52563,52564,0.5131284347649094,-0.012506435986159192,1817,315,958,18,1,4913,19651
"{""allowed_even_counts"":[1,2,3,4],""max_consecutive_run"":3,""max_positional_repeats_vs_prev"":2,""min_unique_digits"":4,""sum_max"":28,""sum_min"":17}",moderate,52114.30639662104,51984,52564,0.5186504503587603,-0.0024926136074500116,52115.13637288826,51984,52564,0.5078363525340932,-0.013315011194789395,1817,315,958,18,42,4913,19651
